source_reference,source_used,platform_digest,destination
docker.io/library/golang:1,mirror.gcr.io/library/golang:1,sha256:dbb10bd1b3400ba0858e2f7c354fd4556b782c187feeff52789d4ee156a84db8,localhost:18080/issue478/issue478-golang:1
docker.io/library/golang:1-alpine,mirror.gcr.io/library/golang:1-alpine,sha256:111d79159b2326f7e80c4a4706e1ba166acb0e2611df853955f3621828cd49e8,localhost:18080/issue478/issue478-golang:1-alpine
docker.io/library/golang:1-alpine3.22,mirror.gcr.io/library/golang:1-alpine3.22,sha256:457d8584db11412777c4196146b8060fdaabe0b0ba7b62c553d08e07d8c22bd3,localhost:18080/issue478/issue478-golang:1-alpine3.22
docker.io/library/golang:1-alpine3.23,mirror.gcr.io/library/golang:1-alpine3.23,sha256:73f9732658b30852522ee5ebe698daa27e1829add9a70ff4f4a828409f8d0a99,localhost:18080/issue478/issue478-golang:1-alpine3.23
docker.io/library/golang:1-alpine3.24,mirror.gcr.io/library/golang:1-alpine3.24,sha256:111d79159b2326f7e80c4a4706e1ba166acb0e2611df853955f3621828cd49e8,localhost:18080/issue478/issue478-golang:1-alpine3.24
docker.io/library/golang:1-bookworm,mirror.gcr.io/library/golang:1-bookworm,sha256:3f6236bd765f898a2a3c2946112b04097814c4529d44534674700cd07b9c6b4c,localhost:18080/issue478/issue478-golang:1-bookworm
docker.io/library/golang:1-trixie,mirror.gcr.io/library/golang:1-trixie,sha256:dbb10bd1b3400ba0858e2f7c354fd4556b782c187feeff52789d4ee156a84db8,localhost:18080/issue478/issue478-golang:1-trixie
docker.io/library/golang:1.10,mirror.gcr.io/library/golang:1.10,sha256:eac40ba14416262e26def90a2d6f10d6ff579ea61c267963f6cbfbbe63b0ea7b,localhost:18080/issue478/issue478-golang:1.10
docker.io/library/golang:1.10-alpine,mirror.gcr.io/library/golang:1.10-alpine,sha256:565ad18e011a417bb20dae206b9aff68d4c1daf84c58b84f30f512b74c57f0c7,localhost:18080/issue478/issue478-golang:1.10-alpine
docker.io/library/golang:1.10-alpine3.7,mirror.gcr.io/library/golang:1.10-alpine3.7,sha256:020f05646295cf35af1ec044ea20d671fec0e7e072c615561b11fd3ccfdb857e,localhost:18080/issue478/issue478-golang:1.10-alpine3.7
docker.io/library/golang:1.10-alpine3.8,mirror.gcr.io/library/golang:1.10-alpine3.8,sha256:4e2f1325c4559ab4f42dfd0bb710a12778a7717cfc1f9ab172be30ca741ec064,localhost:18080/issue478/issue478-golang:1.10-alpine3.8
docker.io/library/golang:1.10-alpine3.9,mirror.gcr.io/library/golang:1.10-alpine3.9,sha256:565ad18e011a417bb20dae206b9aff68d4c1daf84c58b84f30f512b74c57f0c7,localhost:18080/issue478/issue478-golang:1.10-alpine3.9
docker.io/library/golang:1.10.0,mirror.gcr.io/library/golang:1.10.0,sha256:0c4109858680d4cede075491298de88b5d3df24380c328f7be417d22282acb8b,localhost:18080/issue478/issue478-golang:1.10.0
docker.io/library/golang:1.10.0-alpine,mirror.gcr.io/library/golang:1.10.0-alpine,sha256:f336d17914ab059ea289f160783845f01ccdff61bb6407d2edb3b7fcd47c15da,localhost:18080/issue478/issue478-golang:1.10.0-alpine
docker.io/library/golang:1.10.0-alpine3.7,mirror.gcr.io/library/golang:1.10.0-alpine3.7,sha256:f336d17914ab059ea289f160783845f01ccdff61bb6407d2edb3b7fcd47c15da,localhost:18080/issue478/issue478-golang:1.10.0-alpine3.7
docker.io/library/golang:1.10.1,mirror.gcr.io/library/golang:1.10.1,sha256:f0fdc456f6c882319d853d3252d94a1ea80007be095e2547dcca473c5ad39954,localhost:18080/issue478/issue478-golang:1.10.1
docker.io/library/golang:1.10.1-alpine,mirror.gcr.io/library/golang:1.10.1-alpine,sha256:8feac1bd797378827a82529e8d31290799df5a637235f10220355d6268f6eecd,localhost:18080/issue478/issue478-golang:1.10.1-alpine
docker.io/library/golang:1.10.1-alpine3.7,mirror.gcr.io/library/golang:1.10.1-alpine3.7,sha256:8feac1bd797378827a82529e8d31290799df5a637235f10220355d6268f6eecd,localhost:18080/issue478/issue478-golang:1.10.1-alpine3.7
docker.io/library/golang:1.10.2,mirror.gcr.io/library/golang:1.10.2,sha256:252b378f3a6f78e82c9421bd11ab9e95f031f4fc33e21b6a06c3e6501b4d18e9,localhost:18080/issue478/issue478-golang:1.10.2
docker.io/library/golang:1.10.2-alpine,mirror.gcr.io/library/golang:1.10.2-alpine,sha256:bb31085d5c5db578edf3d4e5541cfb949b713bb7018bbac4dfd407b2017ef5b8,localhost:18080/issue478/issue478-golang:1.10.2-alpine
docker.io/library/golang:1.10.2-alpine3.7,mirror.gcr.io/library/golang:1.10.2-alpine3.7,sha256:bb31085d5c5db578edf3d4e5541cfb949b713bb7018bbac4dfd407b2017ef5b8,localhost:18080/issue478/issue478-golang:1.10.2-alpine3.7
docker.io/library/golang:1.10.3,mirror.gcr.io/library/golang:1.10.3,sha256:14166e0e15f33b4d09cd274e0b7217ef1075b71ec108719cead2c326717bb60b,localhost:18080/issue478/issue478-golang:1.10.3
docker.io/library/golang:1.10.3-alpine,mirror.gcr.io/library/golang:1.10.3-alpine,sha256:0e69918e384104a20955392fb989bcfb054099353e6c51131db0c3646fa066ac,localhost:18080/issue478/issue478-golang:1.10.3-alpine
docker.io/library/golang:1.10.3-alpine3.7,mirror.gcr.io/library/golang:1.10.3-alpine3.7,sha256:3823a8f5c8ffaa675acec3c738068a76d3be54c0875005251974c9e0eeb8058b,localhost:18080/issue478/issue478-golang:1.10.3-alpine3.7
docker.io/library/golang:1.10.3-alpine3.8,mirror.gcr.io/library/golang:1.10.3-alpine3.8,sha256:0e69918e384104a20955392fb989bcfb054099353e6c51131db0c3646fa066ac,localhost:18080/issue478/issue478-golang:1.10.3-alpine3.8
docker.io/library/golang:1.10.4,mirror.gcr.io/library/golang:1.10.4,sha256:a0d942e63310d5076dcc1874ab85f30bfb77fadc1e069fa77d986b237bba8ab2,localhost:18080/issue478/issue478-golang:1.10.4
docker.io/library/golang:1.10.4-alpine,mirror.gcr.io/library/golang:1.10.4-alpine,sha256:a54a1c32d0e0222dc95280a6f83e9f888af7d71c6cac164463c10e8582297df3,localhost:18080/issue478/issue478-golang:1.10.4-alpine
docker.io/library/golang:1.10.4-alpine3.7,mirror.gcr.io/library/golang:1.10.4-alpine3.7,sha256:79d021ecc6b7c290ab83a833df927d7e2eef23369fb239904f9ee93bb2d51c14,localhost:18080/issue478/issue478-golang:1.10.4-alpine3.7
docker.io/library/golang:1.10.4-alpine3.8,mirror.gcr.io/library/golang:1.10.4-alpine3.8,sha256:a54a1c32d0e0222dc95280a6f83e9f888af7d71c6cac164463c10e8582297df3,localhost:18080/issue478/issue478-golang:1.10.4-alpine3.8
docker.io/library/golang:1.10.5,mirror.gcr.io/library/golang:1.10.5,sha256:74eb677526b02b7bc9a12c9a7202a317a89bb3c145dd6917ca781aa20ad1063b,localhost:18080/issue478/issue478-golang:1.10.5
docker.io/library/golang:1.10.5-alpine,mirror.gcr.io/library/golang:1.10.5-alpine,sha256:d830d821f1ea39178886c4853e25ec07369f037cb758e07c3cbab832eabc9a14,localhost:18080/issue478/issue478-golang:1.10.5-alpine
docker.io/library/golang:1.10.5-alpine3.7,mirror.gcr.io/library/golang:1.10.5-alpine3.7,sha256:eb4b9b4652cc44070e028c0c471c7d3e189a3ecb80e8a3d4db7e0cb019e2cfbe,localhost:18080/issue478/issue478-golang:1.10.5-alpine3.7
docker.io/library/golang:1.10.5-alpine3.8,mirror.gcr.io/library/golang:1.10.5-alpine3.8,sha256:d830d821f1ea39178886c4853e25ec07369f037cb758e07c3cbab832eabc9a14,localhost:18080/issue478/issue478-golang:1.10.5-alpine3.8
docker.io/library/golang:1.10.6,mirror.gcr.io/library/golang:1.10.6,sha256:af0ffc54ffec0f39288694e1e20f9405e48696b625409459d0957ad5cf59cb9b,localhost:18080/issue478/issue478-golang:1.10.6
docker.io/library/golang:1.10.6-alpine,mirror.gcr.io/library/golang:1.10.6-alpine,sha256:8d114889439070cf9bbbc180e12098d29515318b8346cfe5db48c33af7ad7029,localhost:18080/issue478/issue478-golang:1.10.6-alpine
docker.io/library/golang:1.10.6-alpine3.7,mirror.gcr.io/library/golang:1.10.6-alpine3.7,sha256:b58f7ba47f26a097f86c8618a8dc5e41f5c055b83fac77d4099db16d30aacb9d,localhost:18080/issue478/issue478-golang:1.10.6-alpine3.7
docker.io/library/golang:1.10.6-alpine3.8,mirror.gcr.io/library/golang:1.10.6-alpine3.8,sha256:8d114889439070cf9bbbc180e12098d29515318b8346cfe5db48c33af7ad7029,localhost:18080/issue478/issue478-golang:1.10.6-alpine3.8
docker.io/library/golang:1.10.7,mirror.gcr.io/library/golang:1.10.7,sha256:53be4ccbfa561116bb96ae1f144b6a2d36b710bbf6f78c4a1c1b0737048d1e8c,localhost:18080/issue478/issue478-golang:1.10.7
docker.io/library/golang:1.10.7-alpine,mirror.gcr.io/library/golang:1.10.7-alpine,sha256:55bea1dd9d07c6f366e84ff51241655b346243f1a33960972002578c85911056,localhost:18080/issue478/issue478-golang:1.10.7-alpine
docker.io/library/golang:1.10.7-alpine3.7,mirror.gcr.io/library/golang:1.10.7-alpine3.7,sha256:11b097193b48412ebe429382f894515729a3fc4f03ed70992a8f1788c720e46a,localhost:18080/issue478/issue478-golang:1.10.7-alpine3.7
docker.io/library/golang:1.10.7-alpine3.8,mirror.gcr.io/library/golang:1.10.7-alpine3.8,sha256:55bea1dd9d07c6f366e84ff51241655b346243f1a33960972002578c85911056,localhost:18080/issue478/issue478-golang:1.10.7-alpine3.8
docker.io/library/golang:1.10.8,mirror.gcr.io/library/golang:1.10.8,sha256:eac40ba14416262e26def90a2d6f10d6ff579ea61c267963f6cbfbbe63b0ea7b,localhost:18080/issue478/issue478-golang:1.10.8
docker.io/library/golang:1.10.8-alpine,mirror.gcr.io/library/golang:1.10.8-alpine,sha256:565ad18e011a417bb20dae206b9aff68d4c1daf84c58b84f30f512b74c57f0c7,localhost:18080/issue478/issue478-golang:1.10.8-alpine
docker.io/library/golang:1.10.8-alpine3.7,mirror.gcr.io/library/golang:1.10.8-alpine3.7,sha256:020f05646295cf35af1ec044ea20d671fec0e7e072c615561b11fd3ccfdb857e,localhost:18080/issue478/issue478-golang:1.10.8-alpine3.7
docker.io/library/golang:1.10.8-alpine3.8,mirror.gcr.io/library/golang:1.10.8-alpine3.8,sha256:4e2f1325c4559ab4f42dfd0bb710a12778a7717cfc1f9ab172be30ca741ec064,localhost:18080/issue478/issue478-golang:1.10.8-alpine3.8
docker.io/library/golang:1.10.8-alpine3.9,mirror.gcr.io/library/golang:1.10.8-alpine3.9,sha256:565ad18e011a417bb20dae206b9aff68d4c1daf84c58b84f30f512b74c57f0c7,localhost:18080/issue478/issue478-golang:1.10.8-alpine3.9
docker.io/library/golang:1.11,mirror.gcr.io/library/golang:1.11,sha256:e3709462b748f8adf8378a7253b3a38d3d3410e3ef1f0bacdae685077051dc85,localhost:18080/issue478/issue478-golang:1.11
docker.io/library/golang:1.11.0,mirror.gcr.io/library/golang:1.11.0,sha256:438f00ef671afcff4e23acbbbf22d826d105c063f25a84fab80a2fb400f0376d,localhost:18080/issue478/issue478-golang:1.11.0
docker.io/library/golang:1.11.0-alpine,mirror.gcr.io/library/golang:1.11.0-alpine,sha256:581608ad5ba57091a5c4ba8ee3a52b67e011e9115fd591556fdc3c28ee93121b,localhost:18080/issue478/issue478-golang:1.11.0-alpine
docker.io/library/golang:1.11.0-alpine3.7,mirror.gcr.io/library/golang:1.11.0-alpine3.7,sha256:20ff86a0e8c415ec9fc28ba87232f3d57c4f0e12de2f90caf760c1413e1b4a36,localhost:18080/issue478/issue478-golang:1.11.0-alpine3.7
docker.io/library/golang:1.11.0-alpine3.8,mirror.gcr.io/library/golang:1.11.0-alpine3.8,sha256:581608ad5ba57091a5c4ba8ee3a52b67e011e9115fd591556fdc3c28ee93121b,localhost:18080/issue478/issue478-golang:1.11.0-alpine3.8
docker.io/library/golang:1.11.1,mirror.gcr.io/library/golang:1.11.1,sha256:df8db4a3a7dee9782e0f1bdcc9d676bc2de0dc1d2dc2952d9b9b3718445b1455,localhost:18080/issue478/issue478-golang:1.11.1
docker.io/library/golang:1.11.10,mirror.gcr.io/library/golang:1.11.10,sha256:e0ac8642c1eb5bd5855657f7e52e169ed3b084f5595be489a2793df6c594c84d,localhost:18080/issue478/issue478-golang:1.11.10
docker.io/library/golang:1.11.10-alpine,mirror.gcr.io/library/golang:1.11.10-alpine,sha256:490c19b97acedb13458022fe3463a6340b36525bd35f73c3e1c5bbba11bee507,localhost:18080/issue478/issue478-golang:1.11.10-alpine
docker.io/library/golang:1.11.10-alpine3.8,mirror.gcr.io/library/golang:1.11.10-alpine3.8,sha256:7bc88cbb9d6653b933815a7ce53ad62ef83f98295192bc61ad3372c1a7a85277,localhost:18080/issue478/issue478-golang:1.11.10-alpine3.8
docker.io/library/golang:1.11.10-alpine3.9,mirror.gcr.io/library/golang:1.11.10-alpine3.9,sha256:490c19b97acedb13458022fe3463a6340b36525bd35f73c3e1c5bbba11bee507,localhost:18080/issue478/issue478-golang:1.11.10-alpine3.9
docker.io/library/golang:1.11.11,mirror.gcr.io/library/golang:1.11.11,sha256:0b28b5dfefe2ce8a4ea235d98abffac6db697781af22e94a29474d6a60283baf,localhost:18080/issue478/issue478-golang:1.11.11
docker.io/library/golang:1.11.11-alpine,mirror.gcr.io/library/golang:1.11.11-alpine,sha256:76fc37f7d2d9fcb5b78566a23e5bdb7e7d167f9d42522b9ed3b6c5bbb5bc4654,localhost:18080/issue478/issue478-golang:1.11.11-alpine
docker.io/library/golang:1.11.11-alpine3.8,mirror.gcr.io/library/golang:1.11.11-alpine3.8,sha256:61b76125c13fc8d3eb9714005380e8930953cd6b944253d029afcaf9d1cc9b51,localhost:18080/issue478/issue478-golang:1.11.11-alpine3.8
docker.io/library/golang:1.11.11-alpine3.9,mirror.gcr.io/library/golang:1.11.11-alpine3.9,sha256:10852bb4ca27648e042b74cb89c3ba849f856a54575c3a12d9e43beb9c4d0978,localhost:18080/issue478/issue478-golang:1.11.11-alpine3.9
docker.io/library/golang:1.11.11-alpine3.10,mirror.gcr.io/library/golang:1.11.11-alpine3.10,sha256:76fc37f7d2d9fcb5b78566a23e5bdb7e7d167f9d42522b9ed3b6c5bbb5bc4654,localhost:18080/issue478/issue478-golang:1.11.11-alpine3.10
docker.io/library/golang:1.11.12,mirror.gcr.io/library/golang:1.11.12,sha256:88000a7218a68a87368cf6b0deee128d505ab0d73159e8c5f9456682efd1f752,localhost:18080/issue478/issue478-golang:1.11.12
docker.io/library/golang:1.11.12-alpine,mirror.gcr.io/library/golang:1.11.12-alpine,sha256:2edee773ecab4eebb906947fe54e6cf0a6129d0ccffdc8c2f7db7a011d6d47dc,localhost:18080/issue478/issue478-golang:1.11.12-alpine
docker.io/library/golang:1.11.12-alpine3.9,mirror.gcr.io/library/golang:1.11.12-alpine3.9,sha256:e1aa1061fdae2649df6c438d98c67ccec9bf6d4b8b1ab9ce647883a2483cebce,localhost:18080/issue478/issue478-golang:1.11.12-alpine3.9
docker.io/library/golang:1.11.12-alpine3.10,mirror.gcr.io/library/golang:1.11.12-alpine3.10,sha256:2edee773ecab4eebb906947fe54e6cf0a6129d0ccffdc8c2f7db7a011d6d47dc,localhost:18080/issue478/issue478-golang:1.11.12-alpine3.10
docker.io/library/golang:1.11.13,mirror.gcr.io/library/golang:1.11.13,sha256:e3709462b748f8adf8378a7253b3a38d3d3410e3ef1f0bacdae685077051dc85,localhost:18080/issue478/issue478-golang:1.11.13
docker.io/library/golang:1.25,mirror.gcr.io/library/golang:1.25,sha256:12e171e33ce7ade87ac8ab2bbe65cea9371527285bdab43ca02780a9e6ac60e5,localhost:18080/issue478/issue478-golang:1.25
docker.io/library/golang:1.25-alpine,mirror.gcr.io/library/golang:1.25-alpine,sha256:2b6edeb8c6b1071bfa16473f24bb7b7da0b1579009f97bb1542f239b14aabd8f,localhost:18080/issue478/issue478-golang:1.25-alpine
docker.io/library/golang:1.25-alpine3.22,mirror.gcr.io/library/golang:1.25-alpine3.22,sha256:6c527152c9ad2fb220f17c02b9a79d76731aafb28302f4f3b40f1449f9892036,localhost:18080/issue478/issue478-golang:1.25-alpine3.22
docker.io/library/golang:1.25-alpine3.23,mirror.gcr.io/library/golang:1.25-alpine3.23,sha256:f128118f1f3a7f38949c57f03d29d13e4afdb06b86f840f8f43e8031e6c1a73a,localhost:18080/issue478/issue478-golang:1.25-alpine3.23
docker.io/library/golang:1.25-alpine3.24,mirror.gcr.io/library/golang:1.25-alpine3.24,sha256:2b6edeb8c6b1071bfa16473f24bb7b7da0b1579009f97bb1542f239b14aabd8f,localhost:18080/issue478/issue478-golang:1.25-alpine3.24
docker.io/library/golang:1.25-bookworm,mirror.gcr.io/library/golang:1.25-bookworm,sha256:eecd15e52d06149b84ac1caa56cfd07f584da6803e5621a77024f38827f342ec,localhost:18080/issue478/issue478-golang:1.25-bookworm
docker.io/library/golang:1.25-trixie,mirror.gcr.io/library/golang:1.25-trixie,sha256:12e171e33ce7ade87ac8ab2bbe65cea9371527285bdab43ca02780a9e6ac60e5,localhost:18080/issue478/issue478-golang:1.25-trixie
docker.io/library/golang:1.25.11,mirror.gcr.io/library/golang:1.25.11,sha256:828b39755d53c71e217d064ca93af81f6321bdd11a29c673ee3628397cf7091b,localhost:18080/issue478/issue478-golang:1.25.11
docker.io/library/golang:1.25.11-alpine,mirror.gcr.io/library/golang:1.25.11-alpine,sha256:1abaac8805a62aa7656048c198447c6841905926b247a04e4cca9ab0072ae862,localhost:18080/issue478/issue478-golang:1.25.11-alpine
docker.io/library/golang:1.25.11-alpine3.22,mirror.gcr.io/library/golang:1.25.11-alpine3.22,sha256:6c527152c9ad2fb220f17c02b9a79d76731aafb28302f4f3b40f1449f9892036,localhost:18080/issue478/issue478-golang:1.25.11-alpine3.22
docker.io/library/golang:1.25.11-alpine3.23,mirror.gcr.io/library/golang:1.25.11-alpine3.23,sha256:419b51cdb0b245c7fc3008fba7a6e933e6ca051ef4601e9681d9a1ef0ff59e6e,localhost:18080/issue478/issue478-golang:1.25.11-alpine3.23
docker.io/library/golang:1.25.11-alpine3.24,mirror.gcr.io/library/golang:1.25.11-alpine3.24,sha256:1abaac8805a62aa7656048c198447c6841905926b247a04e4cca9ab0072ae862,localhost:18080/issue478/issue478-golang:1.25.11-alpine3.24
docker.io/library/golang:1.25.11-bookworm,mirror.gcr.io/library/golang:1.25.11-bookworm,sha256:49be5c3f5f2b766e5ba74e0bb690fea4fa03ebf5df8fe94665d42dfa727acf31,localhost:18080/issue478/issue478-golang:1.25.11-bookworm
docker.io/library/golang:1.25.11-trixie,mirror.gcr.io/library/golang:1.25.11-trixie,sha256:828b39755d53c71e217d064ca93af81f6321bdd11a29c673ee3628397cf7091b,localhost:18080/issue478/issue478-golang:1.25.11-trixie
docker.io/library/golang:1.25.12,mirror.gcr.io/library/golang:1.25.12,sha256:12e171e33ce7ade87ac8ab2bbe65cea9371527285bdab43ca02780a9e6ac60e5,localhost:18080/issue478/issue478-golang:1.25.12
docker.io/library/golang:1.25.12-alpine,mirror.gcr.io/library/golang:1.25.12-alpine,sha256:2b6edeb8c6b1071bfa16473f24bb7b7da0b1579009f97bb1542f239b14aabd8f,localhost:18080/issue478/issue478-golang:1.25.12-alpine
docker.io/library/golang:1.25.12-alpine3.23,mirror.gcr.io/library/golang:1.25.12-alpine3.23,sha256:f128118f1f3a7f38949c57f03d29d13e4afdb06b86f840f8f43e8031e6c1a73a,localhost:18080/issue478/issue478-golang:1.25.12-alpine3.23
docker.io/library/golang:1.25.12-alpine3.24,mirror.gcr.io/library/golang:1.25.12-alpine3.24,sha256:2b6edeb8c6b1071bfa16473f24bb7b7da0b1579009f97bb1542f239b14aabd8f,localhost:18080/issue478/issue478-golang:1.25.12-alpine3.24
docker.io/library/golang:1.25.12-bookworm,mirror.gcr.io/library/golang:1.25.12-bookworm,sha256:eecd15e52d06149b84ac1caa56cfd07f584da6803e5621a77024f38827f342ec,localhost:18080/issue478/issue478-golang:1.25.12-bookworm
docker.io/library/golang:1.25.12-trixie,mirror.gcr.io/library/golang:1.25.12-trixie,sha256:12e171e33ce7ade87ac8ab2bbe65cea9371527285bdab43ca02780a9e6ac60e5,localhost:18080/issue478/issue478-golang:1.25.12-trixie
docker.io/library/golang:1.26,mirror.gcr.io/library/golang:1.26,sha256:dbb10bd1b3400ba0858e2f7c354fd4556b782c187feeff52789d4ee156a84db8,localhost:18080/issue478/issue478-golang:1.26
docker.io/library/golang:1.26-alpine,mirror.gcr.io/library/golang:1.26-alpine,sha256:111d79159b2326f7e80c4a4706e1ba166acb0e2611df853955f3621828cd49e8,localhost:18080/issue478/issue478-golang:1.26-alpine
docker.io/library/golang:1.26-alpine3.22,mirror.gcr.io/library/golang:1.26-alpine3.22,sha256:457d8584db11412777c4196146b8060fdaabe0b0ba7b62c553d08e07d8c22bd3,localhost:18080/issue478/issue478-golang:1.26-alpine3.22
docker.io/library/golang:1.26-alpine3.23,mirror.gcr.io/library/golang:1.26-alpine3.23,sha256:73f9732658b30852522ee5ebe698daa27e1829add9a70ff4f4a828409f8d0a99,localhost:18080/issue478/issue478-golang:1.26-alpine3.23
docker.io/library/golang:1.26-alpine3.24,mirror.gcr.io/library/golang:1.26-alpine3.24,sha256:111d79159b2326f7e80c4a4706e1ba166acb0e2611df853955f3621828cd49e8,localhost:18080/issue478/issue478-golang:1.26-alpine3.24
docker.io/library/golang:1.26-bookworm,mirror.gcr.io/library/golang:1.26-bookworm,sha256:3f6236bd765f898a2a3c2946112b04097814c4529d44534674700cd07b9c6b4c,localhost:18080/issue478/issue478-golang:1.26-bookworm
docker.io/library/golang:1.26-trixie,mirror.gcr.io/library/golang:1.26-trixie,sha256:dbb10bd1b3400ba0858e2f7c354fd4556b782c187feeff52789d4ee156a84db8,localhost:18080/issue478/issue478-golang:1.26-trixie
docker.io/library/golang:1.26.4,mirror.gcr.io/library/golang:1.26.4,sha256:f92b729f5f76b045df75ee1cb324ea68658bbc82feecd286c6ce08bf339fd74d,localhost:18080/issue478/issue478-golang:1.26.4
docker.io/library/golang:1.26.4-alpine,mirror.gcr.io/library/golang:1.26.4-alpine,sha256:0648ddfa35769070197ba1cdf22a16dc452caf9315e66b91791308a543baf229,localhost:18080/issue478/issue478-golang:1.26.4-alpine
docker.io/library/golang:1.26.4-alpine3.22,mirror.gcr.io/library/golang:1.26.4-alpine3.22,sha256:457d8584db11412777c4196146b8060fdaabe0b0ba7b62c553d08e07d8c22bd3,localhost:18080/issue478/issue478-golang:1.26.4-alpine3.22
docker.io/library/golang:1.26.4-alpine3.23,mirror.gcr.io/library/golang:1.26.4-alpine3.23,sha256:4cc3a88c44ad99e3d09628ff6e759b4cf9a4b199088474ccd11ae4320ab98e1e,localhost:18080/issue478/issue478-golang:1.26.4-alpine3.23
docker.io/library/golang:1.26.4-alpine3.24,mirror.gcr.io/library/golang:1.26.4-alpine3.24,sha256:0648ddfa35769070197ba1cdf22a16dc452caf9315e66b91791308a543baf229,localhost:18080/issue478/issue478-golang:1.26.4-alpine3.24
docker.io/library/golang:1.26.4-bookworm,mirror.gcr.io/library/golang:1.26.4-bookworm,sha256:5a94593d87a066df5abb02969be911524963f53908292aa5a1a6096fc019012a,localhost:18080/issue478/issue478-golang:1.26.4-bookworm
docker.io/library/golang:1.26.4-trixie,mirror.gcr.io/library/golang:1.26.4-trixie,sha256:f92b729f5f76b045df75ee1cb324ea68658bbc82feecd286c6ce08bf339fd74d,localhost:18080/issue478/issue478-golang:1.26.4-trixie
docker.io/library/golang:1.26.5,mirror.gcr.io/library/golang:1.26.5,sha256:dbb10bd1b3400ba0858e2f7c354fd4556b782c187feeff52789d4ee156a84db8,localhost:18080/issue478/issue478-golang:1.26.5
docker.io/library/golang:1.26.5-alpine,mirror.gcr.io/library/golang:1.26.5-alpine,sha256:111d79159b2326f7e80c4a4706e1ba166acb0e2611df853955f3621828cd49e8,localhost:18080/issue478/issue478-golang:1.26.5-alpine
docker.io/library/golang:1.26.5-alpine3.23,mirror.gcr.io/library/golang:1.26.5-alpine3.23,sha256:73f9732658b30852522ee5ebe698daa27e1829add9a70ff4f4a828409f8d0a99,localhost:18080/issue478/issue478-golang:1.26.5-alpine3.23
docker.io/library/golang:1.26.5-alpine3.24,mirror.gcr.io/library/golang:1.26.5-alpine3.24,sha256:111d79159b2326f7e80c4a4706e1ba166acb0e2611df853955f3621828cd49e8,localhost:18080/issue478/issue478-golang:1.26.5-alpine3.24
docker.io/library/golang:1.26.5-bookworm,mirror.gcr.io/library/golang:1.26.5-bookworm,sha256:3f6236bd765f898a2a3c2946112b04097814c4529d44534674700cd07b9c6b4c,localhost:18080/issue478/issue478-golang:1.26.5-bookworm
docker.io/library/golang:1.26.5-trixie,mirror.gcr.io/library/golang:1.26.5-trixie,sha256:dbb10bd1b3400ba0858e2f7c354fd4556b782c187feeff52789d4ee156a84db8,localhost:18080/issue478/issue478-golang:1.26.5-trixie
docker.io/library/golang:latest,mirror.gcr.io/library/golang:latest,sha256:dbb10bd1b3400ba0858e2f7c354fd4556b782c187feeff52789d4ee156a84db8,localhost:18080/issue478/issue478-golang:latest
docker.io/library/alpine:3.3,mirror.gcr.io/library/alpine:3.3,sha256:c962e2ffee2e8c918098dd72f46e5b81bef63d1e1306e9e233f6d777a07c6e50,localhost:18080/issue478/issue478-alpine:3.3
docker.io/library/alpine:3.7,mirror.gcr.io/library/alpine:3.7,sha256:92251458088c638061cda8fd8b403b76d661a4dc6b7ee71b6affcf1872557b2b,localhost:18080/issue478/issue478-alpine:3.7
docker.io/library/alpine:3.9.2,mirror.gcr.io/library/alpine:3.9.2,sha256:d05ecd4520cab5d9e5d877595fb0532aadcd6c90f4bbc837bc11679f704c4c82,localhost:18080/issue478/issue478-alpine:3.9.2
docker.io/library/alpine:3.10,mirror.gcr.io/library/alpine:3.10,sha256:e515aad2ed234a5072c4d2ef86a1cb77d5bfe4b11aa865d9214875734c4eeb3c,localhost:18080/issue478/issue478-alpine:3.10
docker.io/library/alpine:3.10.4,mirror.gcr.io/library/alpine:3.10.4,sha256:de78803598bc4c940fc4591d412bffe488205d5d953f94751c6308deeaaa7eb8,localhost:18080/issue478/issue478-alpine:3.10.4
docker.io/library/alpine:3.11,mirror.gcr.io/library/alpine:3.11,sha256:a0ce0e57c6900f6f13cee6f1c1e0337cedd745ebc1bac226c61eb574667c6d04,localhost:18080/issue478/issue478-alpine:3.11
docker.io/library/alpine:3.11.6,mirror.gcr.io/library/alpine:3.11.6,sha256:39eda93d15866957feaee28f8fc5adb545276a64147445c64992ef69804dbf01,localhost:18080/issue478/issue478-alpine:3.11.6
docker.io/library/alpine:3.11.12,mirror.gcr.io/library/alpine:3.11.12,sha256:c3d45491770c51da4ef58318e3714da686bc7165338b7ab5ac758e75c7455efb,localhost:18080/issue478/issue478-alpine:3.11.12
docker.io/library/alpine:3.12.2,mirror.gcr.io/library/alpine:3.12.2,sha256:25f5332d060da2c7ea2c8a85d2eac623bd0b5f97d508b165f846c7d172897438,localhost:18080/issue478/issue478-alpine:3.12.2
docker.io/library/alpine:3.12.7,mirror.gcr.io/library/alpine:3.12.7,sha256:a9c28c813336ece5bb98b36af5b66209ed777a394f4f856c6e62267790883820,localhost:18080/issue478/issue478-alpine:3.12.7
docker.io/library/alpine:3.13,mirror.gcr.io/library/alpine:3.13,sha256:16fd981ddc557fd3b38209d15e7ee8e3e6d9d4d579655e8e47243e2c8525b503,localhost:18080/issue478/issue478-alpine:3.13
docker.io/library/alpine:3.13.4,mirror.gcr.io/library/alpine:3.13.4,sha256:e103c1b4bf019dc290bcc7aca538dc2bf7a9d0fc836e186f5fa34945c5168310,localhost:18080/issue478/issue478-alpine:3.13.4
docker.io/library/alpine:3.13.10,mirror.gcr.io/library/alpine:3.13.10,sha256:c8a4f6a22f268b882c43c896a04668f03024f7ef761eb70cccd0b88e69d2c346,localhost:18080/issue478/issue478-alpine:3.13.10
docker.io/library/alpine:3.14.1,mirror.gcr.io/library/alpine:3.14.1,sha256:be9bdc0ef8e96dbc428dc189b31e2e3b05523d96d12ed627c37aa2936653258c,localhost:18080/issue478/issue478-alpine:3.14.1
docker.io/library/alpine:3.14.6,mirror.gcr.io/library/alpine:3.14.6,sha256:a6bb9fc72d69d4ae3bc76875a7614c271db2ee25cfbdd8b7ed36ffa3e1c903be,localhost:18080/issue478/issue478-alpine:3.14.6
docker.io/library/alpine:3.15.0,mirror.gcr.io/library/alpine:3.15.0,sha256:e7d88de73db3d3fd9b2d63aa7f447a10fd0220b7cbf39803c803f2af9ba256b3,localhost:18080/issue478/issue478-alpine:3.15.0
docker.io/library/alpine:3.15.5,mirror.gcr.io/library/alpine:3.15.5,sha256:26284c09912acfc5497b462c5da8a2cd14e01b4f3ffa876596f5289dd8eab7f2,localhost:18080/issue478/issue478-alpine:3.15.5
docker.io/library/alpine:3.15.11,mirror.gcr.io/library/alpine:3.15.11,sha256:6a0657acfef760bd9e293361c9b558e98e7d740ed0dffca823d17098a4ffddf5,localhost:18080/issue478/issue478-alpine:3.15.11
docker.io/library/alpine:3.16.3,mirror.gcr.io/library/alpine:3.16.3,sha256:3d426b0bfc361d6e8303f51459f17782b219dece42a1c7fe463b6014b189c86d,localhost:18080/issue478/issue478-alpine:3.16.3
docker.io/library/alpine:3.16.8,mirror.gcr.io/library/alpine:3.16.8,sha256:ca452b8ab373e6de9c39d030870a52b8f0d3a9cf998c43183fd114660ae96330,localhost:18080/issue478/issue478-alpine:3.16.8
docker.io/library/alpine:3.17.3,mirror.gcr.io/library/alpine:3.17.3,sha256:b6ca290b6b4cdcca5b3db3ffa338ee0285c11744b4a6abaa9627746ee3291d8d,localhost:18080/issue478/issue478-alpine:3.17.3
docker.io/library/alpine:3.17.8,mirror.gcr.io/library/alpine:3.17.8,sha256:684fc8aebe8495820f66e5943f17882bdc1d0a5840ab50d2bc3ca5773f07c67a,localhost:18080/issue478/issue478-alpine:3.17.8
docker.io/library/alpine:3.18.3,mirror.gcr.io/library/alpine:3.18.3,sha256:c5c5fda71656f28e49ac9c5416b3643eaa6a108a8093151d6d1afc9463be8e33,localhost:18080/issue478/issue478-alpine:3.18.3
docker.io/library/alpine:3.18.8,mirror.gcr.io/library/alpine:3.18.8,sha256:b12c7d46bc14b4260b9e42714688e2dbf5dee973b291a4c12e0e1539404d9f1d,localhost:18080/issue478/issue478-alpine:3.18.8
docker.io/library/alpine:3.19,mirror.gcr.io/library/alpine:3.19,sha256:b58899f069c47216f6002a6850143dc6fae0d35eb8b0df9300bbe6327b9c2171,localhost:18080/issue478/issue478-alpine:3.19
docker.io/library/alpine:3.19.5,mirror.gcr.io/library/alpine:3.19.5,sha256:f2f08eb765a7717a81a9d00e9e37a2dd497e0548b11060881d116dd9bf90f3e2,localhost:18080/issue478/issue478-alpine:3.19.5
docker.io/library/alpine:3.20,mirror.gcr.io/library/alpine:3.20,sha256:c64c687cbea9300178b30c95835354e34c4e4febc4badfe27102879de0483b5e,localhost:18080/issue478/issue478-alpine:3.20
docker.io/library/alpine:3.20.5,mirror.gcr.io/library/alpine:3.20.5,sha256:a180ec8e5c7247c920c91508fa4ce86088946cc9e65f4aeb39091038bba88b0b,localhost:18080/issue478/issue478-alpine:3.20.5
docker.io/library/alpine:3.20.10,mirror.gcr.io/library/alpine:3.20.10,sha256:c64c687cbea9300178b30c95835354e34c4e4febc4badfe27102879de0483b5e,localhost:18080/issue478/issue478-alpine:3.20.10
docker.io/library/alpine:3.21.3,mirror.gcr.io/library/alpine:3.21.3,sha256:1c4eef651f65e2f7daee7ee785882ac164b02b78fb74503052a26dc061c90474,localhost:18080/issue478/issue478-alpine:3.21.3
docker.io/library/alpine:3.22.0,mirror.gcr.io/library/alpine:3.22.0,sha256:08001109a7d679fe33b04fa51d681bd40b975d8f5cea8c3ef6c0eccb6a7338ce,localhost:18080/issue478/issue478-alpine:3.22.0
docker.io/library/alpine:3.22.5,mirror.gcr.io/library/alpine:3.22.5,sha256:7c8cb692ae09657cbc4a3f3cbd0e8d5a2690ba38386aaaf252dbb060bf5eb2e6,localhost:18080/issue478/issue478-alpine:3.22.5
docker.io/library/alpine:3.23.5,mirror.gcr.io/library/alpine:3.23.5,sha256:1beb0dc0a51de7ff38e3b5274078a2e0b81113ba5c7535e1a03d5913a5edbda3,localhost:18080/issue478/issue478-alpine:3.23.5
docker.io/library/alpine:20190408,mirror.gcr.io/library/alpine:20190408,sha256:00c76f80fd9298c831c4c5e799df6d7164b2a2692b10318c00ab217b381ba659,localhost:18080/issue478/issue478-alpine:20190408
docker.io/library/alpine:20191114,mirror.gcr.io/library/alpine:20191114,sha256:63f10f6f38e4471b044d318ac0b0768fbc7c46e6bbfd0787b58de8ba43496b50,localhost:18080/issue478/issue478-alpine:20191114
docker.io/library/alpine:20200917,mirror.gcr.io/library/alpine:20200917,sha256:2602075a042aa2442755418fd93d8dcde9ce77bd951fb6a516346541f60e57db,localhost:18080/issue478/issue478-alpine:20200917
docker.io/library/alpine:20220316,mirror.gcr.io/library/alpine:20220316,sha256:57031e1a3b381fba5a09d5c338f7dbeeed2260ad5100c66b2192ab521ae27fc1,localhost:18080/issue478/issue478-alpine:20220316
docker.io/library/alpine:20230901,mirror.gcr.io/library/alpine:20230901,sha256:3e44438281baf26907675b99c9a4a421c4d4a57c954120327e703aa8329086bd,localhost:18080/issue478/issue478-alpine:20230901
docker.io/library/alpine:20240807,mirror.gcr.io/library/alpine:20240807,sha256:433132b63dfe39f3c09419050d1027e8761d1200e07c3f47cc3316fc1cf2a4fa,localhost:18080/issue478/issue478-alpine:20240807
docker.io/library/alpine:latest,mirror.gcr.io/library/alpine:latest,sha256:79ff19e9084a00eece421b2523fb93e22d730e2c0e525905de047e848e56d95f,localhost:18080/issue478/issue478-alpine:latest
docker.io/library/busybox:1-uclibc,mirror.gcr.io/library/busybox:1-uclibc,sha256:29a705556efb23ba52f665a5c1f3800b7d4d98b63a80b38a47922e00dd40719b,localhost:18080/issue478/issue478-busybox:1-uclibc
docker.io/library/busybox:1.24,mirror.gcr.io/library/busybox:1.24,sha256:8ea3273d79b47a8b6d018be398c17590a4b5ec604515f416c5b797db9dde3ad8,localhost:18080/issue478/issue478-busybox:1.24
docker.io/library/busybox:1.24-uclibc,mirror.gcr.io/library/busybox:1.24-uclibc,sha256:7713b80b59cfc144ef87b3f272d156ce2dbf0f6b3ec4c1171c0c3d8b2ac229b7,localhost:18080/issue478/issue478-busybox:1.24-uclibc
docker.io/library/busybox:1.24.1-musl,mirror.gcr.io/library/busybox:1.24.1-musl,sha256:4c7b74e528c799f407783621c3a2a411f3ad326d21a15d004d96a1e9e8617ad6,localhost:18080/issue478/issue478-busybox:1.24.1-musl
docker.io/library/busybox:1.24.2-glibc,mirror.gcr.io/library/busybox:1.24.2-glibc,sha256:3e00695ae65afe08d3cc4e1c0bc4efb335e9c158c9b5a5f7c045c9ec380c731b,localhost:18080/issue478/issue478-busybox:1.24.2-glibc
docker.io/library/busybox:1.25,mirror.gcr.io/library/busybox:1.25,sha256:29f5d56d12684887bdfa50dcd29fc31eea4aaf4ad3bec43daf19026a7ce69912,localhost:18080/issue478/issue478-busybox:1.25
docker.io/library/busybox:1.25.0,mirror.gcr.io/library/busybox:1.25.0,sha256:a59906e33509d14c036c8678d687bd4eec81ed7c4b8ce907b888c607f6a1e0e6,localhost:18080/issue478/issue478-busybox:1.25.0
docker.io/library/busybox:1.25.0-uclibc,mirror.gcr.io/library/busybox:1.25.0-uclibc,sha256:a59906e33509d14c036c8678d687bd4eec81ed7c4b8ce907b888c607f6a1e0e6,localhost:18080/issue478/issue478-busybox:1.25.0-uclibc
docker.io/library/busybox:1.25.1-musl,mirror.gcr.io/library/busybox:1.25.1-musl,sha256:46634e32e559271b8e18b7f1b21d981da4cd63ed8d36fbdc35c0b56464238a0c,localhost:18080/issue478/issue478-busybox:1.25.1-musl
docker.io/library/busybox:1.26-musl,mirror.gcr.io/library/busybox:1.26-musl,sha256:d75209fdfda2094684c1bc58549f94881d90e3160ff7af2812cde9a0fb3f357e,localhost:18080/issue478/issue478-busybox:1.26-musl
docker.io/library/busybox:1.26.0-glibc,mirror.gcr.io/library/busybox:1.26.0-glibc,sha256:a1d963a97357110bdbfc70767a495c8df6ddfa9bda4da3183165ca73c3b990d2,localhost:18080/issue478/issue478-busybox:1.26.0-glibc
docker.io/library/busybox:1.26.1,mirror.gcr.io/library/busybox:1.26.1,sha256:ae007bdb45fc0d56e3d705b97640ac24844bcc9ce4c8b8493f216a57ab6af0d5,localhost:18080/issue478/issue478-busybox:1.26.1
docker.io/library/busybox:1.26.2,mirror.gcr.io/library/busybox:1.26.2,sha256:be3c11fdba7cfe299214e46edc642e09514dbb9bbefcd0d3836c05a1e0cd0642,localhost:18080/issue478/issue478-busybox:1.26.2
docker.io/library/busybox:1.26.2-uclibc,mirror.gcr.io/library/busybox:1.26.2-uclibc,sha256:be3c11fdba7cfe299214e46edc642e09514dbb9bbefcd0d3836c05a1e0cd0642,localhost:18080/issue478/issue478-busybox:1.26.2-uclibc
docker.io/library/busybox:1.27-musl,mirror.gcr.io/library/busybox:1.27-musl,sha256:314fe5a71adb69a444ceb5a34223f63c68adc6b9bac589f6385810ffa462fd02,localhost:18080/issue478/issue478-busybox:1.27-musl
docker.io/library/busybox:1.27.0-musl,mirror.gcr.io/library/busybox:1.27.0-musl,sha256:2a81301bac2b8bff3cb051bd42ec4540b027b77d118d218c9c512de55d973be8,localhost:18080/issue478/issue478-busybox:1.27.0-musl
docker.io/library/busybox:1.27.1-glibc,mirror.gcr.io/library/busybox:1.27.1-glibc,sha256:9d039a8f8f1e95f334827c04a9b73582c4fc5eb2424b083932f5a6117b3777e2,localhost:18080/issue478/issue478-busybox:1.27.1-glibc
docker.io/library/busybox:1.27.2,mirror.gcr.io/library/busybox:1.27.2,sha256:91ef6c1c52b166be02645b8efee30d1ee65362024f7da41c404681561734c465,localhost:18080/issue478/issue478-busybox:1.27.2
docker.io/library/busybox:1.28,mirror.gcr.io/library/busybox:1.28,sha256:74f634b1bc1bd74535d5209589734efbd44a25f4e2dc96d78784576a3eb5b335,localhost:18080/issue478/issue478-busybox:1.28
docker.io/library/busybox:1.28-uclibc,mirror.gcr.io/library/busybox:1.28-uclibc,sha256:74f634b1bc1bd74535d5209589734efbd44a25f4e2dc96d78784576a3eb5b335,localhost:18080/issue478/issue478-busybox:1.28-uclibc
docker.io/library/busybox:1.28.0-musl,mirror.gcr.io/library/busybox:1.28.0-musl,sha256:8862634f1ce65e1bd786d807fad5ffe8da733c6525c34cc54f3fed6d363a4a3f,localhost:18080/issue478/issue478-busybox:1.28.0-musl
docker.io/library/busybox:1.28.1-musl,mirror.gcr.io/library/busybox:1.28.1-musl,sha256:948597258270e50b85ccd0d31dd10651af4b03282926185703f03c7a071a0111,localhost:18080/issue478/issue478-busybox:1.28.1-musl
docker.io/library/busybox:1.28.2-glibc,mirror.gcr.io/library/busybox:1.28.2-glibc,sha256:248837874e6df1df6309ba268172d5392e3cb5062bdf6e9d261b8c2d3115b7b7,localhost:18080/issue478/issue478-busybox:1.28.2-glibc
docker.io/library/busybox:1.28.3,mirror.gcr.io/library/busybox:1.28.3,sha256:186694df7e479d2b8bf075d9e1b1d7a884c6de60470006d572350573bfa6dcd2,localhost:18080/issue478/issue478-busybox:1.28.3
docker.io/library/busybox:1.28.4,mirror.gcr.io/library/busybox:1.28.4,sha256:74f634b1bc1bd74535d5209589734efbd44a25f4e2dc96d78784576a3eb5b335,localhost:18080/issue478/issue478-busybox:1.28.4
docker.io/library/busybox:1.28.4-uclibc,mirror.gcr.io/library/busybox:1.28.4-uclibc,sha256:74f634b1bc1bd74535d5209589734efbd44a25f4e2dc96d78784576a3eb5b335,localhost:18080/issue478/issue478-busybox:1.28.4-uclibc
docker.io/library/busybox:1.29-musl,mirror.gcr.io/library/busybox:1.29-musl,sha256:e69a017c23d005ff0f647122dc633f51d1af18f443b71372701676e2e6d584be,localhost:18080/issue478/issue478-busybox:1.29-musl
docker.io/library/busybox:1.29.1-musl,mirror.gcr.io/library/busybox:1.29.1-musl,sha256:97b81f2aa590d53a9ca56a6901e57811b2a0251a7a79df816308dbdf11d7c85e,localhost:18080/issue478/issue478-busybox:1.29.1-musl
docker.io/library/busybox:1.29.2-glibc,mirror.gcr.io/library/busybox:1.29.2-glibc,sha256:a5bf474fcb11e1d93462f4a502ff58d532e712692809ea646b1dd3f8d8204a1a,localhost:18080/issue478/issue478-busybox:1.29.2-glibc
docker.io/library/busybox:1.29.3,mirror.gcr.io/library/busybox:1.29.3,sha256:e004c2cc521c95383aebb1fb5893719aa7a8eae2e7a71f316a4410784edb00a9,localhost:18080/issue478/issue478-busybox:1.29.3
docker.io/library/busybox:1.30,mirror.gcr.io/library/busybox:1.30,sha256:4fe8827f51a5e11bb83afa8227cbccb402df840d32c6b633b7ad079bc8144100,localhost:18080/issue478/issue478-busybox:1.30
docker.io/library/busybox:1.30-uclibc,mirror.gcr.io/library/busybox:1.30-uclibc,sha256:4fe8827f51a5e11bb83afa8227cbccb402df840d32c6b633b7ad079bc8144100,localhost:18080/issue478/issue478-busybox:1.30-uclibc
docker.io/library/busybox:1.30.0-musl,mirror.gcr.io/library/busybox:1.30.0-musl,sha256:45f7a68f7f2be10306faecd5cdd12ed12a9a7b55e11597a0dc465c413cc9df5c,localhost:18080/issue478/issue478-busybox:1.30.0-musl
docker.io/library/busybox:1.30.1-musl,mirror.gcr.io/library/busybox:1.30.1-musl,sha256:f6c7e1a8acada30cc25b11c4ef051131dff577175176d174e8aa6dd18d412277,localhost:18080/issue478/issue478-busybox:1.30.1-musl
docker.io/library/busybox:1.31-glibc,mirror.gcr.io/library/busybox:1.31-glibc,sha256:55c756c1a3c8e4a17e465d513de8374c7615ba6f7f5d3d0a4c7ad30ccabe2eb4,localhost:18080/issue478/issue478-busybox:1.31-glibc
docker.io/library/busybox:1.31.0,mirror.gcr.io/library/busybox:1.31.0,sha256:dd97a3fe6d721c5cf03abac0f50e2848dc583f7c4e41bf39102ceb42edfd1808,localhost:18080/issue478/issue478-busybox:1.31.0
docker.io/library/busybox:1.31.1,mirror.gcr.io/library/busybox:1.31.1,sha256:fd4a8673d0344c3a7f427fe4440d4b8dfd4fa59cfabbd9098f9eb0cb4ba905d0,localhost:18080/issue478/issue478-busybox:1.31.1
docker.io/library/busybox:1.31.1-uclibc,mirror.gcr.io/library/busybox:1.31.1-uclibc,sha256:fd4a8673d0344c3a7f427fe4440d4b8dfd4fa59cfabbd9098f9eb0cb4ba905d0,localhost:18080/issue478/issue478-busybox:1.31.1-uclibc
docker.io/library/busybox:1.32-musl,mirror.gcr.io/library/busybox:1.32-musl,sha256:63d4acaeca19f5d4c4cb1bb2b1b8dc0b0f6abc1018070fa88ddc1d2a2b342c75,localhost:18080/issue478/issue478-busybox:1.32-musl
docker.io/library/busybox:1.32.0-musl,mirror.gcr.io/library/busybox:1.32.0-musl,sha256:958e433bcfa6c3faacdcbbe205860c8ae4474d9c865f932c91827f2e292b92dc,localhost:18080/issue478/issue478-busybox:1.32.0-musl
docker.io/library/busybox:1.32.1-glibc,mirror.gcr.io/library/busybox:1.32.1-glibc,sha256:95262195a281b3756e734b3996132030d76d5bd773564ea762d49eccf006571b,localhost:18080/issue478/issue478-busybox:1.32.1-glibc
docker.io/library/busybox:1.33,mirror.gcr.io/library/busybox:1.33,sha256:febcf61cd6e1ac9628f6ac14fa40836d16f3c6ddef3b303ff0321606e55ddd0b,localhost:18080/issue478/issue478-busybox:1.33
docker.io/library/busybox:1.33.0,mirror.gcr.io/library/busybox:1.33.0,sha256:eccadc4fb09194c8163cfb7edcd9727933104e86da2ba8ad076732e5e3702a6a,localhost:18080/issue478/issue478-busybox:1.33.0
docker.io/library/busybox:1.33.0-uclibc,mirror.gcr.io/library/busybox:1.33.0-uclibc,sha256:eccadc4fb09194c8163cfb7edcd9727933104e86da2ba8ad076732e5e3702a6a,localhost:18080/issue478/issue478-busybox:1.33.0-uclibc
docker.io/library/busybox:1.33.1-musl,mirror.gcr.io/library/busybox:1.33.1-musl,sha256:9aaf9d876d656f4b964a4b39b8b75a19f24edf13bc80fe2fae91f3d83df28d78,localhost:18080/issue478/issue478-busybox:1.33.1-musl
docker.io/library/busybox:1.34-musl,mirror.gcr.io/library/busybox:1.34-musl,sha256:7117686bc45bac249f7420064ad45fd4f31e0219b816b92685ec06134f7c96a5,localhost:18080/issue478/issue478-busybox:1.34-musl
docker.io/library/busybox:1.34.0-glibc,mirror.gcr.io/library/busybox:1.34.0-glibc,sha256:06e0692a145e237172d0da7ab61ecd9019ab8b42b3ea90da40dfcc1820efbfc9,localhost:18080/issue478/issue478-busybox:1.34.0-glibc
docker.io/library/busybox:1.34.1,mirror.gcr.io/library/busybox:1.34.1,sha256:51de9138b0cc394c813df84f334d638499333cac22edd05d0300b2c9a2dc80dd,localhost:18080/issue478/issue478-busybox:1.34.1
docker.io/library/busybox:1.35,mirror.gcr.io/library/busybox:1.35,sha256:584c3aa5ea2787155c186d156a85c380db220a8c886c01aac511b99880290010,localhost:18080/issue478/issue478-busybox:1.35
docker.io/library/busybox:1.35-uclibc,mirror.gcr.io/library/busybox:1.35-uclibc,sha256:32ff5b1723bccebc23986131ae9ca52ef7f4122729df7c325ee3b9505803ba6c,localhost:18080/issue478/issue478-busybox:1.35-uclibc
docker.io/library/busybox:1.35.0-musl,mirror.gcr.io/library/busybox:1.35.0-musl,sha256:e0b2a0f0bbb24966adb038db1fba7f45d25804602b53d901474b21122399962d,localhost:18080/issue478/issue478-busybox:1.35.0-musl
docker.io/library/busybox:1.36-musl,mirror.gcr.io/library/busybox:1.36-musl,sha256:cbf412bcf1379481c80f65208703910fe543b3a948ae74a32a10ca3789dc13ab,localhost:18080/issue478/issue478-busybox:1.36-musl
docker.io/library/busybox:1.36.0-glibc,mirror.gcr.io/library/busybox:1.36.0-glibc,sha256:086417a48026173aaadca4ce43a1e4b385e8e62cc738ba79fc6637049674cac0,localhost:18080/issue478/issue478-busybox:1.36.0-glibc
docker.io/library/busybox:1.36.1,mirror.gcr.io/library/busybox:1.36.1,sha256:b7f3d86d6e84fc17718c48bcde1450807faa2d56704205c697b4bd5df7b9e29f,localhost:18080/issue478/issue478-busybox:1.36.1
docker.io/library/busybox:1.37,mirror.gcr.io/library/busybox:1.37,sha256:7a3ebe5bfd1a4a19797d20b0c0bb39d44393e9a03fd852c0865b0f540d868df0,localhost:18080/issue478/issue478-busybox:1.37
docker.io/library/busybox:1.37-uclibc,mirror.gcr.io/library/busybox:1.37-uclibc,sha256:dfb66b2b3e6981fefa54fd2cd4faf662c35b4a4baeff48295a9409ddf3224c48,localhost:18080/issue478/issue478-busybox:1.37-uclibc
docker.io/library/busybox:1.37.0-musl,mirror.gcr.io/library/busybox:1.37.0-musl,sha256:6be969a074d06073a62ad8ccfd2ad6ec2790cae25d519d8df255ba24819d96f0,localhost:18080/issue478/issue478-busybox:1.37.0-musl
docker.io/library/busybox:1.38-musl,mirror.gcr.io/library/busybox:1.38-musl,sha256:ffcc8d72c1b3749dd2240e27f79b987eb227538835a2675b1d5849b053a39195,localhost:18080/issue478/issue478-busybox:1.38-musl
docker.io/library/busybox:1.38.0-glibc,mirror.gcr.io/library/busybox:1.38.0-glibc,sha256:1cfa4e2b09e127b9c4ed43578d3f3c18e7d44ea47b9ea98475c0cbe9086525f8,localhost:18080/issue478/issue478-busybox:1.38.0-glibc
docker.io/library/busybox:latest,mirror.gcr.io/library/busybox:latest,sha256:1cfa4e2b09e127b9c4ed43578d3f3c18e7d44ea47b9ea98475c0cbe9086525f8,localhost:18080/issue478/issue478-busybox:latest
docker.io/library/node:0-slim,mirror.gcr.io/library/node:0-slim,sha256:9d3720cb3acdc05f87a677a3cb4d0a9af0488ceb5d862581238e1e69e5407236,localhost:18080/issue478/issue478-node:0-slim
docker.io/library/node:0.8,mirror.gcr.io/library/node:0.8,sha256:d01fcbc6569a257828170aa24c50528e63b9dd8339e44c11b3efc4dbc408c6c0,localhost:18080/issue478/issue478-node:0.8
docker.io/library/node:0.8.28,mirror.gcr.io/library/node:0.8.28,sha256:27e8667c9197d8067db532addc314a4c074824c197dc3cbfba27cebd0b014531,localhost:18080/issue478/issue478-node:0.8.28
docker.io/library/node:0.8.28-slim,mirror.gcr.io/library/node:0.8.28-slim,sha256:6c2cd1f2939fc839161ab9f46ff801cf3ab38905a3b21b88766c239509bc415f,localhost:18080/issue478/issue478-node:0.8.28-slim
docker.io/library/node:0.10-slim,mirror.gcr.io/library/node:0.10-slim,sha256:6a53cddc19c29db973497be93be053133447da6823d42f0fccc327b93e62abd9,localhost:18080/issue478/issue478-node:0.10-slim
docker.io/library/node:0.10.28,mirror.gcr.io/library/node:0.10.28,sha256:7a763a65cd691a04328cd7b6e1e7438deb8c5beb37f6317f04bae369b19fae3e,localhost:18080/issue478/issue478-node:0.10.28
docker.io/library/node:0.10.31,mirror.gcr.io/library/node:0.10.31,sha256:f047b584a2fa929bf13e46a13d285881bf31e3b37578af01c03662fc0df46a75,localhost:18080/issue478/issue478-node:0.10.31
docker.io/library/node:0.10.32,mirror.gcr.io/library/node:0.10.32,sha256:67fad921e06a6491d92c8f410075dd5a8aae3882f4ad865cf5021d1d6dd79f07,localhost:18080/issue478/issue478-node:0.10.32
docker.io/library/node:0.10.33,mirror.gcr.io/library/node:0.10.33,sha256:96878379563fb00d9c961808a32b6e1c3ff9d3881a2c82869541a05b2054a448,localhost:18080/issue478/issue478-node:0.10.33
docker.io/library/node:0.10.33-slim,mirror.gcr.io/library/node:0.10.33-slim,sha256:05ac2355ceebe9fb084ca5e1e7040b066d624e562e41db3748db13ed5c721768,localhost:18080/issue478/issue478-node:0.10.33-slim
docker.io/library/node:0.10.34-slim,docker.io/library/node:0.10.34-slim,sha256:2eda402aa1e72dd7f3aeb6415c7faefcf5861baa6ab9c2208831c640650a9c6f,localhost:18080/issue478/issue478-node:0.10.34-slim
docker.io/library/node:0.10.35,docker.io/library/node:0.10.35,sha256:ce5fd13a33701a73f2b35777ce6284adcdc96b7bfa5ce01824da30ba69019879,localhost:18080/issue478/issue478-node:0.10.35
docker.io/library/node:0.10.36,mirror.gcr.io/library/node:0.10.36,sha256:46db0dd19955beb87b841c30a6b9812ba626473283e84117d1c016deee5949a9,localhost:18080/issue478/issue478-node:0.10.36
docker.io/library/node:0.10.36-slim,mirror.gcr.io/library/node:0.10.36-slim,sha256:54bf860eec1f7eafe771cfa1580da9c3f50a5ae67b8a33bbd9908c3859692942,localhost:18080/issue478/issue478-node:0.10.36-slim
docker.io/library/node:0.10.37-slim,mirror.gcr.io/library/node:0.10.37-slim,sha256:51b0374b15b3eeae963bdba33161d16b72115fddf48eb1070313db5e962a0849,localhost:18080/issue478/issue478-node:0.10.37-slim
docker.io/library/node:0.10.38,mirror.gcr.io/library/node:0.10.38,sha256:e2a5045398e7f867e51c73eee2b3e6ec64716d1907c4c37acb5dee0493154d95,localhost:18080/issue478/issue478-node:0.10.38
docker.io/library/node:0.10.39,mirror.gcr.io/library/node:0.10.39,sha256:4dfb06cc3f7faf2b625b25cea8f4e43d1b091471a1f4a63718861d4d0ac56346,localhost:18080/issue478/issue478-node:0.10.39
docker.io/library/node:0.10.39-slim,mirror.gcr.io/library/node:0.10.39-slim,sha256:748e894b4521d868ac05f35a4c68b12f217aacc451ec7d7c2efc8bb2627754c6,localhost:18080/issue478/issue478-node:0.10.39-slim
docker.io/library/node:0.10.40-slim,mirror.gcr.io/library/node:0.10.40-slim,sha256:33cd06fc4b79f78647f5ebb44b2ddc24a03fecdcf2208de1113e76e1a5274e09,localhost:18080/issue478/issue478-node:0.10.40-slim
docker.io/library/node:0.10.41,mirror.gcr.io/library/node:0.10.41,sha256:bfd61e9f9b9c0f914d1416d6294ca82e9642e1a8f97aba5c8c886804c3077ee6,localhost:18080/issue478/issue478-node:0.10.41
docker.io/library/node:0.10.42,mirror.gcr.io/library/node:0.10.42,sha256:27652ffbb632451d65cd1a788936ad07929e3b8c996042f503787115fbfac400,localhost:18080/issue478/issue478-node:0.10.42
docker.io/library/node:0.10.42-slim,mirror.gcr.io/library/node:0.10.42-slim,sha256:acd5e8591fe9fbe3a6f41f3d187f339c83730f45e56d72c8972e2f45eca89ffd,localhost:18080/issue478/issue478-node:0.10.42-slim
docker.io/library/node:0.10.43-slim,mirror.gcr.io/library/node:0.10.43-slim,sha256:e8f49f74dcc6f13ac29715e052ed593b3a58d13c1f14165666b0b4bc942f4cc6,localhost:18080/issue478/issue478-node:0.10.43-slim
docker.io/library/node:0.10.44,mirror.gcr.io/library/node:0.10.44,sha256:bdff2b33553db025f037a0326ef4a4305f29a347ea35d2a20333d6a28e6ff35a,localhost:18080/issue478/issue478-node:0.10.44
docker.io/library/node:0.10.45,mirror.gcr.io/library/node:0.10.45,sha256:191b1b5f3e8ab4f9bf4686ea21ca67670ba805eba9e84fbb3a73d28aee6dd542,localhost:18080/issue478/issue478-node:0.10.45
docker.io/library/node:0.10.45-slim,mirror.gcr.io/library/node:0.10.45-slim,sha256:50ee6ac283903d2dacf1dc03c9794157fb5a532d755a7afb138f2c47cd8c31f9,localhost:18080/issue478/issue478-node:0.10.45-slim
docker.io/library/node:0.10.46-slim,mirror.gcr.io/library/node:0.10.46-slim,sha256:71862601a8e9e467b5853c4a7a42e5d2663d1e3e6b7a8a6ffa14384f612bfacf,localhost:18080/issue478/issue478-node:0.10.46-slim
docker.io/library/node:0.10.47,mirror.gcr.io/library/node:0.10.47,sha256:970e99c7d1e0bdd46841e6e32824e5610adafbcd893f9d132d93fece2ca424bc,localhost:18080/issue478/issue478-node:0.10.47
docker.io/library/node:0.10.48,mirror.gcr.io/library/node:0.10.48,sha256:c32b4d56f05c69df6e87d06bf7d5f6a5c6a0e7bcdb8e5ffab0e7a1853a90008f,localhost:18080/issue478/issue478-node:0.10.48
docker.io/library/node:0.10.48-slim,mirror.gcr.io/library/node:0.10.48-slim,sha256:6a53cddc19c29db973497be93be053133447da6823d42f0fccc327b93e62abd9,localhost:18080/issue478/issue478-node:0.10.48-slim
docker.io/library/node:0.11-slim,mirror.gcr.io/library/node:0.11-slim,sha256:0c116f79fc76b3a0bbba31e746cacdc93943c2e748c1538a59f66bc75985a023,localhost:18080/issue478/issue478-node:0.11-slim
docker.io/library/node:0.11.13,mirror.gcr.io/library/node:0.11.13,sha256:c8b8fb1a4dc5b31878427c12f2027b3f2e20900cff81ddf3f142a6c88a32a9ac,localhost:18080/issue478/issue478-node:0.11.13
docker.io/library/node:0.11.14-slim,mirror.gcr.io/library/node:0.11.14-slim,sha256:93bbf4c47602500a85ebf47c8902f0e258ea03a37b1f480768e6875744bd9831,localhost:18080/issue478/issue478-node:0.11.14-slim
docker.io/library/node:0.11.15,mirror.gcr.io/library/node:0.11.15,sha256:e15e403ed06a8db69c3b3a35f00e43b8b008f303fd103de4e404b374b5490d48,localhost:18080/issue478/issue478-node:0.11.15
docker.io/library/node:0.11.16,mirror.gcr.io/library/node:0.11.16,sha256:d3eeb025c27bd4e4c00c5fdf08bb1bbcec41d570c60e956bf2efe3b443c6c006,localhost:18080/issue478/issue478-node:0.11.16
docker.io/library/node:0.11.16-slim,mirror.gcr.io/library/node:0.11.16-slim,sha256:17cf2f452c9f32c508163f897ef44716b898dd4f1879e3350dd103a481977093,localhost:18080/issue478/issue478-node:0.11.16-slim
docker.io/library/node:0.12-slim,mirror.gcr.io/library/node:0.12-slim,sha256:9d3720cb3acdc05f87a677a3cb4d0a9af0488ceb5d862581238e1e69e5407236,localhost:18080/issue478/issue478-node:0.12-slim
docker.io/library/node:0.12.0,mirror.gcr.io/library/node:0.12.0,sha256:31b3cd3738106a56e613568c256bd7936213c6d240614b130ec2806b88b0b09f,localhost:18080/issue478/issue478-node:0.12.0
docker.io/library/node:0.12.1,mirror.gcr.io/library/node:0.12.1,sha256:c7403cf2c7c5e78204939465de5ba05ebc02c6895f7e29d7e2423f0ccbe57fa2,localhost:18080/issue478/issue478-node:0.12.1
docker.io/library/node:0.12.1-slim,mirror.gcr.io/library/node:0.12.1-slim,sha256:8a670cb5c9c21c3f4079d491ea039dda925b29db3d303739905ccb86ee4d33bf,localhost:18080/issue478/issue478-node:0.12.1-slim
docker.io/library/node:0.12.2-slim,mirror.gcr.io/library/node:0.12.2-slim,sha256:7a6462821c5105e3a3311c5d3a2be091cb70156f942a886adbf9e4c996253d68,localhost:18080/issue478/issue478-node:0.12.2-slim
docker.io/library/node:0.12.3,mirror.gcr.io/library/node:0.12.3,sha256:b0ebb910bd9c09d501faf9215928e2461c0485f02f732875fe32ed8641c544aa,localhost:18080/issue478/issue478-node:0.12.3
docker.io/library/node:0.12.4,mirror.gcr.io/library/node:0.12.4,sha256:fb13d5b3870c947b2d1eb9335bf1d0b6974f2ef2e198963c61a39b32f9d3836d,localhost:18080/issue478/issue478-node:0.12.4
docker.io/library/node:0.12.4-slim,mirror.gcr.io/library/node:0.12.4-slim,sha256:d7fd88d0fea52084ec7075bc01bff61802036b14cf8705bd642a8b88740836c0,localhost:18080/issue478/issue478-node:0.12.4-slim
docker.io/library/node:0.12.5-slim,mirror.gcr.io/library/node:0.12.5-slim,sha256:3437289e45da2971dc054604b84bfaa1179bd9337311649163dd4d7652ea4b50,localhost:18080/issue478/issue478-node:0.12.5-slim
docker.io/library/node:0.12.6,mirror.gcr.io/library/node:0.12.6,sha256:8380b146ce5c14f78a3b4177dbb0f56d85f172b4a7c6d1bd9322521c5149d105,localhost:18080/issue478/issue478-node:0.12.6
docker.io/library/node:0.12.7,mirror.gcr.io/library/node:0.12.7,sha256:3fafe504e31e7d17896695aa1ff6c30edd39cad0512debab22a9766c2282b1d9,localhost:18080/issue478/issue478-node:0.12.7
docker.io/library/node:0.12.7-slim,mirror.gcr.io/library/node:0.12.7-slim,sha256:3a667a345c367e3c7db1b55aac40fcadd62933d7c03ff279fe0ee2fa63c1e585,localhost:18080/issue478/issue478-node:0.12.7-slim
docker.io/library/node:0.12.8-slim,mirror.gcr.io/library/node:0.12.8-slim,sha256:48238d83767fcb5903b43c33afd139f54e010192df3f7749060acea643614680,localhost:18080/issue478/issue478-node:0.12.8-slim
docker.io/library/node:0.12.9,mirror.gcr.io/library/node:0.12.9,sha256:f68aee9012407ddd05450e8cb61a6af69da2dbc35463b79501ad6dc36e3d123e,localhost:18080/issue478/issue478-node:0.12.9
docker.io/library/node:0.12.10,mirror.gcr.io/library/node:0.12.10,sha256:03f2c9bac838c3c65e8b3af79784dc23b3a644c8d9291747f5fed0904b7aa6ca,localhost:18080/issue478/issue478-node:0.12.10
docker.io/library/node:0.12.10-slim,mirror.gcr.io/library/node:0.12.10-slim,sha256:6a2fd992f83eaca7fd572a957b9a6cd32f51297820f43b0a5b1638a7d2e1a230,localhost:18080/issue478/issue478-node:0.12.10-slim
docker.io/library/node:0.12.11-slim,mirror.gcr.io/library/node:0.12.11-slim,sha256:6eabc7d75d7f88736be7b77e14e68c7eb2b8312dc76e6f211db39254dd641dc5,localhost:18080/issue478/issue478-node:0.12.11-slim
docker.io/library/node:0.12.12,mirror.gcr.io/library/node:0.12.12,sha256:36db5246c8c8a9452cac51309f9fe89884e6f0f5d1688b0ebd3b4389f3074bd8,localhost:18080/issue478/issue478-node:0.12.12
docker.io/library/node:0.12.13,mirror.gcr.io/library/node:0.12.13,sha256:7e733903c49812056c77b5a89854aa1b058307bdd58fb7cdc8bcf0b931d5a6db,localhost:18080/issue478/issue478-node:0.12.13
docker.io/library/node:0.12.13-slim,mirror.gcr.io/library/node:0.12.13-slim,sha256:c0aa509d50ac0d31d3d0e9c3b0d28463da7ec61f137d354c619da3c01833a143,localhost:18080/issue478/issue478-node:0.12.13-slim
docker.io/library/node:0.12.14-slim,mirror.gcr.io/library/node:0.12.14-slim,sha256:72b6400138ec78fd63dcf8c96f4b3669351c81ba9631bdbe47f4093f36ec707c,localhost:18080/issue478/issue478-node:0.12.14-slim
docker.io/library/node:0.12.15,mirror.gcr.io/library/node:0.12.15,sha256:0c459731b9b104e56f56a4d3f27c81e06b2f4b0063375b775b629c9ac4944bbd,localhost:18080/issue478/issue478-node:0.12.15
docker.io/library/node:0.12.16,mirror.gcr.io/library/node:0.12.16,sha256:e8c390034cd0b7166db79e821299da096aa916b117bac58f75413dbb7ac7f704,localhost:18080/issue478/issue478-node:0.12.16
docker.io/library/node:0.12.16-slim,docker.io/library/node:0.12.16-slim,sha256:163200e88286bcbfd62dcac18bc7a05576599a4400183d4cf5eece18ff4979cc,localhost:18080/issue478/issue478-node:0.12.16-slim
docker.io/library/node:0.12.17-slim,docker.io/library/node:0.12.17-slim,sha256:e491db290d2ac926fd2fd0addb940ae647bcf9b1278e5fd1510b09864e5bcf0f,localhost:18080/issue478/issue478-node:0.12.17-slim
docker.io/library/node:0.12.18,mirror.gcr.io/library/node:0.12.18,sha256:02e8e9903c8d974e8874d0144413d398a41d62f54bafec4d2cf3ac2a8501dd28,localhost:18080/issue478/issue478-node:0.12.18
docker.io/library/node:10,mirror.gcr.io/library/node:10,sha256:686e0e859358f28bfe1641e1627549b9cd0ad74f222b953d74209213488c6858,localhost:18080/issue478/issue478-node:10
docker.io/library/node:10.0,mirror.gcr.io/library/node:10.0,sha256:5082d4db78ee2d24f72b25eb75537f2e19c49f04a595378d1ae8814d6f2fbf28,localhost:18080/issue478/issue478-node:10.0
docker.io/library/node:10.0-slim,docker.io/library/node:10.0-slim,sha256:f5fd11b9b1682f9c88ce3a4e633869ce53cee0643b059018ca44446b7b947498,localhost:18080/issue478/issue478-node:10.0-slim
docker.io/library/node:10.0.0,mirror.gcr.io/library/node:10.0.0,sha256:5082d4db78ee2d24f72b25eb75537f2e19c49f04a595378d1ae8814d6f2fbf28,localhost:18080/issue478/issue478-node:10.0.0
docker.io/library/node:10.0.0-slim,docker.io/library/node:10.0.0-slim,sha256:f5fd11b9b1682f9c88ce3a4e633869ce53cee0643b059018ca44446b7b947498,localhost:18080/issue478/issue478-node:10.0.0-slim
docker.io/library/node:10.1,mirror.gcr.io/library/node:10.1,sha256:492f2a28fbc54cf96eb0eea3faa2486179c71b3154a6b3e6b89b6c36ef7f59eb,localhost:18080/issue478/issue478-node:10.1
docker.io/library/node:10.1.0-alpine,mirror.gcr.io/library/node:10.1.0-alpine,sha256:3b0e27010a4b643cc67154381f0f8df74d9aa0d048222f0442428faefa248372,localhost:18080/issue478/issue478-node:10.1.0-alpine
docker.io/library/node:10.10,mirror.gcr.io/library/node:10.10,sha256:6a1f476d3f6d4baeee1a2396188581691d9c6c4da132d3a9c0488537beb9e407,localhost:18080/issue478/issue478-node:10.10
docker.io/library/node:10.10-alpine,mirror.gcr.io/library/node:10.10-alpine,sha256:8e41084eb89c60564c22ed20dc9ba07426a4f46d81d788f6c3b72d97cbdf9bcd,localhost:18080/issue478/issue478-node:10.10-alpine
docker.io/library/node:10.10.0-alpine,mirror.gcr.io/library/node:10.10.0-alpine,sha256:8e41084eb89c60564c22ed20dc9ba07426a4f46d81d788f6c3b72d97cbdf9bcd,localhost:18080/issue478/issue478-node:10.10.0-alpine
docker.io/library/node:10.10.0-slim,mirror.gcr.io/library/node:10.10.0-slim,sha256:f9269789a23254329c0948df08cb98f55c9d710c4a79df8fb7fd7b487166aa69,localhost:18080/issue478/issue478-node:10.10.0-slim
docker.io/library/node:22-bookworm,mirror.gcr.io/library/node:22-bookworm,sha256:175215a1f306ed5df592434b99cc2019f70624373fe49cb659240a618a846aed,localhost:18080/issue478/issue478-node:22-bookworm
docker.io/library/node:22-bullseye,mirror.gcr.io/library/node:22-bullseye,sha256:635fbbbfe3b51c8a73f39281a2e448e374e7b6da8113c9e6293e63abdb6f4134,localhost:18080/issue478/issue478-node:22-bullseye
docker.io/library/node:22-trixie,mirror.gcr.io/library/node:22-trixie,sha256:b58307ad55d9936e04d987fc953017584d374f6308cfe1f760ef9dea4d6e2253,localhost:18080/issue478/issue478-node:22-trixie
docker.io/library/node:22.23,mirror.gcr.io/library/node:22.23,sha256:175215a1f306ed5df592434b99cc2019f70624373fe49cb659240a618a846aed,localhost:18080/issue478/issue478-node:22.23
docker.io/library/node:22.23-bullseye,mirror.gcr.io/library/node:22.23-bullseye,sha256:635fbbbfe3b51c8a73f39281a2e448e374e7b6da8113c9e6293e63abdb6f4134,localhost:18080/issue478/issue478-node:22.23-bullseye
docker.io/library/node:22.23-slim,mirror.gcr.io/library/node:22.23-slim,sha256:8607a9064d4a571140998ae9e52a3b3fcf9cff361d04642d5971e6cd76d39e27,localhost:18080/issue478/issue478-node:22.23-slim
docker.io/library/node:22.23.1,mirror.gcr.io/library/node:22.23.1,sha256:175215a1f306ed5df592434b99cc2019f70624373fe49cb659240a618a846aed,localhost:18080/issue478/issue478-node:22.23.1
docker.io/library/node:22.23.1-bookworm,mirror.gcr.io/library/node:22.23.1-bookworm,sha256:175215a1f306ed5df592434b99cc2019f70624373fe49cb659240a618a846aed,localhost:18080/issue478/issue478-node:22.23.1-bookworm
docker.io/library/node:22.23.1-slim,mirror.gcr.io/library/node:22.23.1-slim,sha256:8607a9064d4a571140998ae9e52a3b3fcf9cff361d04642d5971e6cd76d39e27,localhost:18080/issue478/issue478-node:22.23.1-slim
docker.io/library/node:22.23.1-trixie,mirror.gcr.io/library/node:22.23.1-trixie,sha256:b58307ad55d9936e04d987fc953017584d374f6308cfe1f760ef9dea4d6e2253,localhost:18080/issue478/issue478-node:22.23.1-trixie
docker.io/library/node:24-alpine,mirror.gcr.io/library/node:24-alpine,sha256:4ba75f835bb8802193e4c114572113d4b26f95f6f094f4b5229d2a77773e0afc,localhost:18080/issue478/issue478-node:24-alpine
docker.io/library/node:24-alpine3.23,mirror.gcr.io/library/node:24-alpine3.23,sha256:00295958df3ca22b4d3df4ae8dbffd823dbca1c53efbcf235f62fbf3fa5ca756,localhost:18080/issue478/issue478-node:24-alpine3.23
docker.io/library/node:24-bookworm,mirror.gcr.io/library/node:24-bookworm,sha256:4e9cb555d708e0829c9d93e5eeae9dfab0617b832ca436a690680e0fca735ef5,localhost:18080/issue478/issue478-node:24-bookworm
docker.io/library/node:24-bullseye,mirror.gcr.io/library/node:24-bullseye,sha256:87f8c5a4bb3e95e4a0b60e1a802edf24830c17a769535d738cc0aa65c1f5c299,localhost:18080/issue478/issue478-node:24-bullseye
docker.io/library/node:24-trixie,mirror.gcr.io/library/node:24-trixie,sha256:6b0e19397e97e0e8bf1fc5e1ab1d64e5744cbcdbd3e3a7f96b3af8b0da90e2a0,localhost:18080/issue478/issue478-node:24-trixie
docker.io/library/node:24.17,mirror.gcr.io/library/node:24.17,sha256:acaf2d5ed8d725de4e228d0006c1f72a79df17bd332a2d83d9ba173e703be04d,localhost:18080/issue478/issue478-node:24.17
docker.io/library/node:24.17-bullseye,mirror.gcr.io/library/node:24.17-bullseye,sha256:a15a9c943b0c2c5fdf9c38284deb370c7a9cb0de9e5bed6f96be76df285906fc,localhost:18080/issue478/issue478-node:24.17-bullseye
docker.io/library/node:24.17-slim,mirror.gcr.io/library/node:24.17-slim,sha256:5d33add4a73ccf344c582ccb0cf5c7adb26596b3e82e9cfc859e75febc7843c4,localhost:18080/issue478/issue478-node:24.17-slim
docker.io/library/node:24.17.0,mirror.gcr.io/library/node:24.17.0,sha256:acaf2d5ed8d725de4e228d0006c1f72a79df17bd332a2d83d9ba173e703be04d,localhost:18080/issue478/issue478-node:24.17.0
docker.io/library/node:24.17.0-bookworm,mirror.gcr.io/library/node:24.17.0-bookworm,sha256:acaf2d5ed8d725de4e228d0006c1f72a79df17bd332a2d83d9ba173e703be04d,localhost:18080/issue478/issue478-node:24.17.0-bookworm
docker.io/library/node:24.17.0-slim,mirror.gcr.io/library/node:24.17.0-slim,sha256:5d33add4a73ccf344c582ccb0cf5c7adb26596b3e82e9cfc859e75febc7843c4,localhost:18080/issue478/issue478-node:24.17.0-slim
docker.io/library/node:24.17.0-trixie,mirror.gcr.io/library/node:24.17.0-trixie,sha256:6a7afab20b0ca2f57d02b2c81b4d7458e86ba340d4bbc26211b9ff7864c4114b,localhost:18080/issue478/issue478-node:24.17.0-trixie
docker.io/library/node:24.18-alpine,mirror.gcr.io/library/node:24.18-alpine,sha256:4ba75f835bb8802193e4c114572113d4b26f95f6f094f4b5229d2a77773e0afc,localhost:18080/issue478/issue478-node:24.18-alpine
docker.io/library/node:24.18-alpine3.23,mirror.gcr.io/library/node:24.18-alpine3.23,sha256:00295958df3ca22b4d3df4ae8dbffd823dbca1c53efbcf235f62fbf3fa5ca756,localhost:18080/issue478/issue478-node:24.18-alpine3.23
docker.io/library/node:24.18-bookworm,mirror.gcr.io/library/node:24.18-bookworm,sha256:4e9cb555d708e0829c9d93e5eeae9dfab0617b832ca436a690680e0fca735ef5,localhost:18080/issue478/issue478-node:24.18-bookworm
docker.io/library/node:24.18-bullseye,mirror.gcr.io/library/node:24.18-bullseye,sha256:87f8c5a4bb3e95e4a0b60e1a802edf24830c17a769535d738cc0aa65c1f5c299,localhost:18080/issue478/issue478-node:24.18-bullseye
docker.io/library/node:24.18-trixie,mirror.gcr.io/library/node:24.18-trixie,sha256:6b0e19397e97e0e8bf1fc5e1ab1d64e5744cbcdbd3e3a7f96b3af8b0da90e2a0,localhost:18080/issue478/issue478-node:24.18-trixie
docker.io/library/node:24.18.0,mirror.gcr.io/library/node:24.18.0,sha256:4e9cb555d708e0829c9d93e5eeae9dfab0617b832ca436a690680e0fca735ef5,localhost:18080/issue478/issue478-node:24.18.0
docker.io/library/node:24.18.0-alpine3.23,mirror.gcr.io/library/node:24.18.0-alpine3.23,sha256:00295958df3ca22b4d3df4ae8dbffd823dbca1c53efbcf235f62fbf3fa5ca756,localhost:18080/issue478/issue478-node:24.18.0-alpine3.23
docker.io/library/node:24.18.0-alpine3.24,mirror.gcr.io/library/node:24.18.0-alpine3.24,sha256:4ba75f835bb8802193e4c114572113d4b26f95f6f094f4b5229d2a77773e0afc,localhost:18080/issue478/issue478-node:24.18.0-alpine3.24
docker.io/library/node:24.18.0-bullseye,mirror.gcr.io/library/node:24.18.0-bullseye,sha256:87f8c5a4bb3e95e4a0b60e1a802edf24830c17a769535d738cc0aa65c1f5c299,localhost:18080/issue478/issue478-node:24.18.0-bullseye
docker.io/library/node:24.18.0-slim,mirror.gcr.io/library/node:24.18.0-slim,sha256:d45d78e7929b46875bbd4e29bea672d5bc48186c6c3588306521c815e78352d6,localhost:18080/issue478/issue478-node:24.18.0-slim
docker.io/library/node:26,mirror.gcr.io/library/node:26,sha256:4b757ed49c1af549c268a70ed7a7f9d556fc5beef7b857824fe2512a7a8acd54,localhost:18080/issue478/issue478-node:26
docker.io/library/node:26-alpine,mirror.gcr.io/library/node:26-alpine,sha256:c9f02360d2bc66e709b300214395588acd2d3603f600db8141117e67c0faf4ff,localhost:18080/issue478/issue478-node:26-alpine
docker.io/library/node:26-alpine3.24,mirror.gcr.io/library/node:26-alpine3.24,sha256:c9f02360d2bc66e709b300214395588acd2d3603f600db8141117e67c0faf4ff,localhost:18080/issue478/issue478-node:26-alpine3.24
docker.io/library/node:26-bookworm,mirror.gcr.io/library/node:26-bookworm,sha256:952e38ced007cd92d89ab193ceff60d6b2036ea189c9d6aee5c187f2f000b3ea,localhost:18080/issue478/issue478-node:26-bookworm
docker.io/library/node:26-slim,mirror.gcr.io/library/node:26-slim,sha256:fa804671f77ee7ee0b7eb04913c2c9813cb2dffd04b2fa3019810b1a9764fc99,localhost:18080/issue478/issue478-node:26-slim
docker.io/library/node:26-trixie,mirror.gcr.io/library/node:26-trixie,sha256:4b757ed49c1af549c268a70ed7a7f9d556fc5beef7b857824fe2512a7a8acd54,localhost:18080/issue478/issue478-node:26-trixie
docker.io/library/node:26.3-bookworm,mirror.gcr.io/library/node:26.3-bookworm,sha256:a09aad7eb5f9cb12f70bf9238298a3afeb3cbaa8fc5c7f05bfd5e55ab4c1497e,localhost:18080/issue478/issue478-node:26.3-bookworm
docker.io/library/node:26.3-bullseye,mirror.gcr.io/library/node:26.3-bullseye,sha256:60d439835477843f7d162bd0ce5f98fc3532997239579cb01cf5518460239743,localhost:18080/issue478/issue478-node:26.3-bullseye
docker.io/library/node:26.3-trixie,mirror.gcr.io/library/node:26.3-trixie,sha256:1d592a238aca25d12e70451c4ee1ae0bc6f38604af3cdea47fd9dd98f2fdd02b,localhost:18080/issue478/issue478-node:26.3-trixie
docker.io/library/node:26.3.1,mirror.gcr.io/library/node:26.3.1,sha256:1d592a238aca25d12e70451c4ee1ae0bc6f38604af3cdea47fd9dd98f2fdd02b,localhost:18080/issue478/issue478-node:26.3.1
docker.io/library/node:26.3.1-bullseye,mirror.gcr.io/library/node:26.3.1-bullseye,sha256:60d439835477843f7d162bd0ce5f98fc3532997239579cb01cf5518460239743,localhost:18080/issue478/issue478-node:26.3.1-bullseye
docker.io/library/node:26.3.1-slim,mirror.gcr.io/library/node:26.3.1-slim,sha256:4313e6cc36cb6cda1c2048a19c584b26c6127aca3308c9560376a0ea660697c8,localhost:18080/issue478/issue478-node:26.3.1-slim
docker.io/library/node:26.4,mirror.gcr.io/library/node:26.4,sha256:acde16eedbec830892c1ac8652990c425b67d3cc88e18f82ff3f2bbfdeda4aad,localhost:18080/issue478/issue478-node:26.4
docker.io/library/node:26.4-alpine,mirror.gcr.io/library/node:26.4-alpine,sha256:dd3402b2794e96ef50fc09ce3b7d3888f72266389db2dd0007553f425fec21d6,localhost:18080/issue478/issue478-node:26.4-alpine
docker.io/library/node:26.4-alpine3.24,mirror.gcr.io/library/node:26.4-alpine3.24,sha256:dd3402b2794e96ef50fc09ce3b7d3888f72266389db2dd0007553f425fec21d6,localhost:18080/issue478/issue478-node:26.4-alpine3.24
docker.io/library/node:26.4-bookworm,mirror.gcr.io/library/node:26.4-bookworm,sha256:8d3442d5f074940723be6eece34e992eb147ba1f59c73888e8f257918dea2e78,localhost:18080/issue478/issue478-node:26.4-bookworm
docker.io/library/node:26.4-slim,mirror.gcr.io/library/node:26.4-slim,sha256:44a253901c13323953b4a0e1df5afe08bf8ac4ac086edd500422b54cb6e6eeb0,localhost:18080/issue478/issue478-node:26.4-slim
docker.io/library/node:26.4-trixie,mirror.gcr.io/library/node:26.4-trixie,sha256:acde16eedbec830892c1ac8652990c425b67d3cc88e18f82ff3f2bbfdeda4aad,localhost:18080/issue478/issue478-node:26.4-trixie
docker.io/library/node:26.4.0-alpine,mirror.gcr.io/library/node:26.4.0-alpine,sha256:dd3402b2794e96ef50fc09ce3b7d3888f72266389db2dd0007553f425fec21d6,localhost:18080/issue478/issue478-node:26.4.0-alpine
docker.io/library/node:26.4.0-alpine3.23,mirror.gcr.io/library/node:26.4.0-alpine3.23,sha256:e82671e76366e2b9857dfc9cfd1b17f387336209175ba767de0517fb340441f1,localhost:18080/issue478/issue478-node:26.4.0-alpine3.23
docker.io/library/node:26.4.0-bookworm,mirror.gcr.io/library/node:26.4.0-bookworm,sha256:8d3442d5f074940723be6eece34e992eb147ba1f59c73888e8f257918dea2e78,localhost:18080/issue478/issue478-node:26.4.0-bookworm
docker.io/library/node:26.4.0-bullseye,mirror.gcr.io/library/node:26.4.0-bullseye,sha256:547115894d02507bae039a4eecdc0feb1ce337d7e7dcda5cd19d521bb29da4d3,localhost:18080/issue478/issue478-node:26.4.0-bullseye
docker.io/library/node:26.4.0-trixie,mirror.gcr.io/library/node:26.4.0-trixie,sha256:acde16eedbec830892c1ac8652990c425b67d3cc88e18f82ff3f2bbfdeda4aad,localhost:18080/issue478/issue478-node:26.4.0-trixie
docker.io/library/node:26.5,mirror.gcr.io/library/node:26.5,sha256:4b757ed49c1af549c268a70ed7a7f9d556fc5beef7b857824fe2512a7a8acd54,localhost:18080/issue478/issue478-node:26.5
docker.io/library/node:26.5-alpine3.23,mirror.gcr.io/library/node:26.5-alpine3.23,sha256:b911e34ef37a6d2a0dfa5409097012a0d0d65bc1da9753feaba426525e2a1c66,localhost:18080/issue478/issue478-node:26.5-alpine3.23
docker.io/library/node:26.5-alpine3.24,mirror.gcr.io/library/node:26.5-alpine3.24,sha256:c9f02360d2bc66e709b300214395588acd2d3603f600db8141117e67c0faf4ff,localhost:18080/issue478/issue478-node:26.5-alpine3.24
docker.io/library/node:26.5-bullseye,mirror.gcr.io/library/node:26.5-bullseye,sha256:1206b8632c1f7deb96b52fa1386d1fdf43b47fa00a2536caa5dfd5318d14cc58,localhost:18080/issue478/issue478-node:26.5-bullseye
docker.io/library/node:26.5-slim,mirror.gcr.io/library/node:26.5-slim,sha256:fa804671f77ee7ee0b7eb04913c2c9813cb2dffd04b2fa3019810b1a9764fc99,localhost:18080/issue478/issue478-node:26.5-slim
docker.io/library/node:26.5.0,mirror.gcr.io/library/node:26.5.0,sha256:4b757ed49c1af549c268a70ed7a7f9d556fc5beef7b857824fe2512a7a8acd54,localhost:18080/issue478/issue478-node:26.5.0
docker.io/library/node:26.5.0-alpine,mirror.gcr.io/library/node:26.5.0-alpine,sha256:c9f02360d2bc66e709b300214395588acd2d3603f600db8141117e67c0faf4ff,localhost:18080/issue478/issue478-node:26.5.0-alpine
docker.io/library/node:26.5.0-alpine3.24,mirror.gcr.io/library/node:26.5.0-alpine3.24,sha256:c9f02360d2bc66e709b300214395588acd2d3603f600db8141117e67c0faf4ff,localhost:18080/issue478/issue478-node:26.5.0-alpine3.24
docker.io/library/node:26.5.0-bookworm,mirror.gcr.io/library/node:26.5.0-bookworm,sha256:952e38ced007cd92d89ab193ceff60d6b2036ea189c9d6aee5c187f2f000b3ea,localhost:18080/issue478/issue478-node:26.5.0-bookworm
docker.io/library/node:26.5.0-slim,mirror.gcr.io/library/node:26.5.0-slim,sha256:fa804671f77ee7ee0b7eb04913c2c9813cb2dffd04b2fa3019810b1a9764fc99,localhost:18080/issue478/issue478-node:26.5.0-slim
docker.io/library/node:26.5.0-trixie,mirror.gcr.io/library/node:26.5.0-trixie,sha256:4b757ed49c1af549c268a70ed7a7f9d556fc5beef7b857824fe2512a7a8acd54,localhost:18080/issue478/issue478-node:26.5.0-trixie
docker.io/library/node:latest,mirror.gcr.io/library/node:latest,sha256:4b757ed49c1af549c268a70ed7a7f9d556fc5beef7b857824fe2512a7a8acd54,localhost:18080/issue478/issue478-node:latest
docker.io/library/nginx:1-alpine3.17,mirror.gcr.io/library/nginx:1-alpine3.17,sha256:ccf066d2cfec0cfe57a63cf26f4b7cabbea80e11ab5b7f1cc11a1b5efd65ea0b,localhost:18080/issue478/issue478-nginx:1-alpine3.17
docker.io/library/nginx:1-alpine3.20,mirror.gcr.io/library/nginx:1-alpine3.20,sha256:679a5fd058f6ca754a561846fe27927e408074431d63556e8fc588fc38be6901,localhost:18080/issue478/issue478-nginx:1-alpine3.20
docker.io/library/nginx:1-alpine3.23,mirror.gcr.io/library/nginx:1-alpine3.23,sha256:35cd77497979abe70dc8d26f5ae60811eea233a2eb5dc03c2ee30972caeb303e,localhost:18080/issue478/issue478-nginx:1-alpine3.23
docker.io/library/nginx:1-bookworm,mirror.gcr.io/library/nginx:1-bookworm,sha256:17ae566734b63632e543c907ba74757e0c1a25d812ab9f10a07a6bed98dd199c,localhost:18080/issue478/issue478-nginx:1-bookworm
docker.io/library/nginx:1-trixie,mirror.gcr.io/library/nginx:1-trixie,sha256:db4f612f385437d11eb26620a4f1d7efb3ff44e1296a3c21540b30454e6e2bf3,localhost:18080/issue478/issue478-nginx:1-trixie
docker.io/library/nginx:1.8,mirror.gcr.io/library/nginx:1.8,sha256:c97ee70c4048fe79765f7c2ec0931957c2898f47400128f4f3640d0ae5d60d10,localhost:18080/issue478/issue478-nginx:1.8
docker.io/library/nginx:1.8.1-alpine,mirror.gcr.io/library/nginx:1.8.1-alpine,sha256:c2a5ac30408999baabdc9b8e1d1aa2c404b6f441fab99b70d7aa1091144a2846,localhost:18080/issue478/issue478-nginx:1.8.1-alpine
docker.io/library/nginx:1.9-alpine,mirror.gcr.io/library/nginx:1.9-alpine,sha256:cc792ffb0c6df5c0a043b42fa8f3ff8c6bd0da049fc08ce10a49d2907ed4aafc,localhost:18080/issue478/issue478-nginx:1.9-alpine
docker.io/library/nginx:1.9.2,mirror.gcr.io/library/nginx:1.9.2,sha256:7ffb2ccf2de82b0afeee46ae9d7542e9643587a8d4dbe2901cf466369e3c10f5,localhost:18080/issue478/issue478-nginx:1.9.2
docker.io/library/nginx:1.9.5,mirror.gcr.io/library/nginx:1.9.5,sha256:991bdd670fb03e0133cd72fd17add6622803eb904339d6ae9076aee402d71519,localhost:18080/issue478/issue478-nginx:1.9.5
docker.io/library/nginx:1.9.8,mirror.gcr.io/library/nginx:1.9.8,sha256:5d3b56065cf133f8968a557bf49c639320b2fc4c57c635b5707978fb6b738e1f,localhost:18080/issue478/issue478-nginx:1.9.8
docker.io/library/nginx:1.9.10,mirror.gcr.io/library/nginx:1.9.10,sha256:ca132615822fdf485c49ce2ca8d7d04494136af6c90e55c0f0b3a7f274817e0b,localhost:18080/issue478/issue478-nginx:1.9.10
docker.io/library/nginx:1.9.14,mirror.gcr.io/library/nginx:1.9.14,sha256:fb6ef98e60c85a2291ce1d033ff051b6ed0db31ac7c65ff760bf06bf0fa6e40c,localhost:18080/issue478/issue478-nginx:1.9.14
docker.io/library/nginx:1.9.15-alpine,mirror.gcr.io/library/nginx:1.9.15-alpine,sha256:8ff7a5d76dd5a14c4d22d91ea45940bddc6384cdfe0b0348cfecdb9450c3143a,localhost:18080/issue478/issue478-nginx:1.9.15-alpine
docker.io/library/nginx:1.10.0,mirror.gcr.io/library/nginx:1.10.0,sha256:7224f0a40f2110889889f47dcafa972a8658b7bdd3b50cfa12fd5f80364cbcfe,localhost:18080/issue478/issue478-nginx:1.10.0
docker.io/library/nginx:1.10.1,mirror.gcr.io/library/nginx:1.10.1,sha256:35779791c05d119df4fe476db8f47c0bee5943c83eba5656a15fc046db48178b,localhost:18080/issue478/issue478-nginx:1.10.1
docker.io/library/nginx:1.10.2-alpine,mirror.gcr.io/library/nginx:1.10.2-alpine,sha256:ce50816e7216a66ff1e0d99e7d74891c4019952c9e38c690b3c5407f7af57555,localhost:18080/issue478/issue478-nginx:1.10.2-alpine
docker.io/library/nginx:1.11,mirror.gcr.io/library/nginx:1.11,sha256:e6693c20186f837fc393390135d8a598a96a833917917789d63766cab6c59582,localhost:18080/issue478/issue478-nginx:1.11
docker.io/library/nginx:1.11.0-alpine,mirror.gcr.io/library/nginx:1.11.0-alpine,sha256:ddafab6770f3f604672143757000fa1614dcf6afb1d5308dcc47153252fd0817,localhost:18080/issue478/issue478-nginx:1.11.0-alpine
docker.io/library/nginx:1.11.1-alpine,mirror.gcr.io/library/nginx:1.11.1-alpine,sha256:23f809e7fd5952e7d5be065b4d3643fbbceccd349d537b62a123ef2201bc886f,localhost:18080/issue478/issue478-nginx:1.11.1-alpine
docker.io/library/nginx:1.11.4,mirror.gcr.io/library/nginx:1.11.4,sha256:1ebfe348d131e9657872de9881fe736612b2e8e1630e0508c354acb0350a4566,localhost:18080/issue478/issue478-nginx:1.11.4
docker.io/library/nginx:1.11.5-alpine,mirror.gcr.io/library/nginx:1.11.5-alpine,sha256:5c6be3514a00db611371806c5aeb510dfd285a4b8261c6e5c3323387e396b66b,localhost:18080/issue478/issue478-nginx:1.11.5-alpine
docker.io/library/nginx:1.11.7,mirror.gcr.io/library/nginx:1.11.7,sha256:2a07a07e5bbf62e7b583cbb5257357c7e0ba1a8e9650e8fa76d999a60968530f,localhost:18080/issue478/issue478-nginx:1.11.7
docker.io/library/nginx:1.11.8,mirror.gcr.io/library/nginx:1.11.8,sha256:33ff28a2763feccc1e1071a97960b7fef714d6e17e2d0ff573b74825d0049303,localhost:18080/issue478/issue478-nginx:1.11.8
docker.io/library/nginx:1.11.9-alpine,mirror.gcr.io/library/nginx:1.11.9-alpine,sha256:d34e2176dab830485b0cb79340e1d5ebf7d530b34ad7bfe05d269ffed20a88f4,localhost:18080/issue478/issue478-nginx:1.11.9-alpine
docker.io/library/nginx:1.11.12,mirror.gcr.io/library/nginx:1.11.12,sha256:52f84ace6ea43f2f58937e5f9fc562e99ad6876e82b99d171916c1ece587c188,localhost:18080/issue478/issue478-nginx:1.11.12
docker.io/library/nginx:1.11.13-alpine,mirror.gcr.io/library/nginx:1.11.13-alpine,sha256:5aadb68304a38a8e2719605e4e180413f390cd6647602bee9bdedd59753c3590,localhost:18080/issue478/issue478-nginx:1.11.13-alpine
docker.io/library/nginx:1.12-alpine,mirror.gcr.io/library/nginx:1.12-alpine,sha256:812dd32216edcfd41decaacc8fe7cae80b39e5a87b0b8923bc15c4db94cf5bdb,localhost:18080/issue478/issue478-nginx:1.12-alpine
docker.io/library/nginx:1.12.0-alpine,mirror.gcr.io/library/nginx:1.12.0-alpine,sha256:dbec2d86c57e5636dc4a9ec01fc8e2ee4647a020508a30e60a1d1e916fc328a7,localhost:18080/issue478/issue478-nginx:1.12.0-alpine
docker.io/library/nginx:1.12.1-alpine,mirror.gcr.io/library/nginx:1.12.1-alpine,sha256:c815ff7f32ddc1cb9629644c0cffe33dcffaa36cc7db8600d706ce7fc81fe061,localhost:18080/issue478/issue478-nginx:1.12.1-alpine
docker.io/library/nginx:1.12.2-alpine,mirror.gcr.io/library/nginx:1.12.2-alpine,sha256:812dd32216edcfd41decaacc8fe7cae80b39e5a87b0b8923bc15c4db94cf5bdb,localhost:18080/issue478/issue478-nginx:1.12.2-alpine
docker.io/library/nginx:1.13,mirror.gcr.io/library/nginx:1.13,sha256:e4f0474a75c510f40b37b6b7dc2516241ffa8bde5a442bde3d372c9519c84d90,localhost:18080/issue478/issue478-nginx:1.13
docker.io/library/nginx:1.13.0,mirror.gcr.io/library/nginx:1.13.0,sha256:12d30ce421ad530494d588f87b2328ddc3cae666e77ea1ae5ac3a6661e52cde6,localhost:18080/issue478/issue478-nginx:1.13.0
docker.io/library/nginx:1.13.1,mirror.gcr.io/library/nginx:1.13.1,sha256:72c7191585e9b79cde433c89955547685db00f3a8595a750339549f6acef7702,localhost:18080/issue478/issue478-nginx:1.13.1
docker.io/library/nginx:1.13.2,mirror.gcr.io/library/nginx:1.13.2,sha256:8e2645484fe09122ea8aef7a186658082a860312d47fa51675cbf21d1b4b901a,localhost:18080/issue478/issue478-nginx:1.13.2
docker.io/library/nginx:1.13.2-perl,mirror.gcr.io/library/nginx:1.13.2-perl,sha256:20dfc52daa3f118db1167b35ae8484b78ee279f08dd09825d5e3a6948794d1d2,localhost:18080/issue478/issue478-nginx:1.13.2-perl
docker.io/library/nginx:1.13.3-perl,mirror.gcr.io/library/nginx:1.13.3-perl,sha256:e0b2e3f8dedec4d04526d90fbe271c266b76cb7638a4d943ad877654186daf20,localhost:18080/issue478/issue478-nginx:1.13.3-perl
docker.io/library/nginx:1.13.5-perl,mirror.gcr.io/library/nginx:1.13.5-perl,sha256:b45e99eee68cc7ca4ffb6bc83a117506e4973b68e363be7dbc17413ed94971b7,localhost:18080/issue478/issue478-nginx:1.13.5-perl
docker.io/library/nginx:1.13.6-perl,mirror.gcr.io/library/nginx:1.13.6-perl,sha256:2e92cf08caa907fc18a08a253bcc1b67fc9e69ffaac1a45d1ad3da03846a471d,localhost:18080/issue478/issue478-nginx:1.13.6-perl
docker.io/library/nginx:1.13.7-alpine,mirror.gcr.io/library/nginx:1.13.7-alpine,sha256:51d29c1d55295be8835f67be6f63aea6f5a86b73616e83e3f1018fc3154b6825,localhost:18080/issue478/issue478-nginx:1.13.7-alpine
docker.io/library/nginx:1.13.8-alpine,mirror.gcr.io/library/nginx:1.13.8-alpine,sha256:a4ac36c250ec97bb6108e04e3cdd2848e338ee197737cebd39c960d7e3237775,localhost:18080/issue478/issue478-nginx:1.13.8-alpine
docker.io/library/nginx:1.13.9-alpine,mirror.gcr.io/library/nginx:1.13.9-alpine,sha256:7129a88c455160dc25ce8499e1a4bfc4cb09ca5a67402ec974b9ae96bf2d94d0,localhost:18080/issue478/issue478-nginx:1.13.9-alpine
docker.io/library/nginx:1.13.10-alpine,mirror.gcr.io/library/nginx:1.13.10-alpine,sha256:2b46c31fd6f85f3e47cb2d5e028f2e53d7549c0b6964c46a0046ab670c840c37,localhost:18080/issue478/issue478-nginx:1.13.10-alpine
docker.io/library/nginx:1.13.11,mirror.gcr.io/library/nginx:1.13.11,sha256:a1ef12a69aaa85e4a7729582ff63d4970c0c1b3d6619c0e57e8e867373848619,localhost:18080/issue478/issue478-nginx:1.13.11
docker.io/library/nginx:1.13.12,mirror.gcr.io/library/nginx:1.13.12,sha256:e4f0474a75c510f40b37b6b7dc2516241ffa8bde5a442bde3d372c9519c84d90,localhost:18080/issue478/issue478-nginx:1.13.12
docker.io/library/nginx:1.14,mirror.gcr.io/library/nginx:1.14,sha256:706446e9c6667c0880d5da3f39c09a6c7d2114f5a5d6b74a2fafd24ae30d2078,localhost:18080/issue478/issue478-nginx:1.14
docker.io/library/nginx:1.14-perl,mirror.gcr.io/library/nginx:1.14-perl,sha256:8789696b4875e0b85a6c38a0e4514fe975cce968008e6f7a58dc462d26c536d7,localhost:18080/issue478/issue478-nginx:1.14-perl
docker.io/library/nginx:1.14.0-perl,mirror.gcr.io/library/nginx:1.14.0-perl,sha256:9ea74ba0d6e7ad97c7514e8e4ad69180467d6b0ad91604d0eff28a5f6ffffc2c,localhost:18080/issue478/issue478-nginx:1.14.0-perl
docker.io/library/nginx:1.14.1-perl,mirror.gcr.io/library/nginx:1.14.1-perl,sha256:c8f1098964652276c41c4a1bafa694a6981fd215d9dcad9b0f1443baba9f63f0,localhost:18080/issue478/issue478-nginx:1.14.1-perl
docker.io/library/nginx:1.14.2-perl,mirror.gcr.io/library/nginx:1.14.2-perl,sha256:8789696b4875e0b85a6c38a0e4514fe975cce968008e6f7a58dc462d26c536d7,localhost:18080/issue478/issue478-nginx:1.14.2-perl
docker.io/library/nginx:1.15-alpine,mirror.gcr.io/library/nginx:1.15-alpine,sha256:0fd68ec4b64b8dbb2bef1f1a5de9d47b658afd3635dc9c45bf0cbeac46e72101,localhost:18080/issue478/issue478-nginx:1.15-alpine
docker.io/library/nginx:1.15.0-alpine,mirror.gcr.io/library/nginx:1.15.0-alpine,sha256:d773c869aa64a3a0f8e49374a3270ba0ff8ac6ba149b1e9bca713ac708051f79,localhost:18080/issue478/issue478-nginx:1.15.0-alpine
docker.io/library/nginx:1.15.1-alpine,mirror.gcr.io/library/nginx:1.15.1-alpine,sha256:eaa79ecb1308dccbdc478ddd1fb3a77bdb0846b05987e8e08f11661b2cc55f8f,localhost:18080/issue478/issue478-nginx:1.15.1-alpine
docker.io/library/nginx:1.15.2-alpine,mirror.gcr.io/library/nginx:1.15.2-alpine,sha256:682150b512ebf6e7c1cd89b0b43aad75a647361d9f2e5301a2ff7a1702538e40,localhost:18080/issue478/issue478-nginx:1.15.2-alpine
docker.io/library/nginx:1.15.3,mirror.gcr.io/library/nginx:1.15.3,sha256:c0b69559d28fb325a64c6c8f47d14c26b95aa047312b29c699da10380e90b4d7,localhost:18080/issue478/issue478-nginx:1.15.3
docker.io/library/nginx:1.15.4,mirror.gcr.io/library/nginx:1.15.4,sha256:0b5c73966ec996a05672c4aea0a0d1910c6d7495147805ef88205bff51e119f3,localhost:18080/issue478/issue478-nginx:1.15.4
docker.io/library/nginx:1.15.5,mirror.gcr.io/library/nginx:1.15.5,sha256:d98b66402922eccdbee49ef093edb2d2c5001637bd291ae0a8cd21bb4c36bebe,localhost:18080/issue478/issue478-nginx:1.15.5
docker.io/library/nginx:1.15.6,mirror.gcr.io/library/nginx:1.15.6,sha256:05db58c525db34c3fea90585ff7900282bb1bec2dfeb04d4489a72113613f533,localhost:18080/issue478/issue478-nginx:1.15.6
docker.io/library/nginx:1.15.6-perl,mirror.gcr.io/library/nginx:1.15.6-perl,sha256:aa97f7fb742070d39a07a3f13657c0da5e0037e32a7e6a91fe85178ef7165471,localhost:18080/issue478/issue478-nginx:1.15.6-perl
docker.io/library/nginx:1.15.7-perl,mirror.gcr.io/library/nginx:1.15.7-perl,sha256:5ae9ff180e5ca928888bc99cd1f2fb2c3e30f01295eec29828e9374e5acd688f,localhost:18080/issue478/issue478-nginx:1.15.7-perl
docker.io/library/nginx:1.15.8-perl,mirror.gcr.io/library/nginx:1.15.8-perl,sha256:97d65a475bec4913d7d0a82a6274f10d1cfc0a9957c58de5a952a4296809ea31,localhost:18080/issue478/issue478-nginx:1.15.8-perl
docker.io/library/nginx:1.15.9-perl,mirror.gcr.io/library/nginx:1.15.9-perl,sha256:fb966de725fb59cda3333033373d658cfa1fce8995d3c211b277ccb208f589b8,localhost:18080/issue478/issue478-nginx:1.15.9-perl
docker.io/library/nginx:1.15.10-alpine,mirror.gcr.io/library/nginx:1.15.10-alpine,sha256:0154c38d4b0af725ddb6d13e69a04f5ec899626c91ef819f531c85ae0dcf0d35,localhost:18080/issue478/issue478-nginx:1.15.10-alpine
docker.io/library/nginx:1.15.11-alpine,mirror.gcr.io/library/nginx:1.15.11-alpine,sha256:0c490758f2cfc4106b169fd29c200e8740c72bb728fc809a9ee2710a8529c98f,localhost:18080/issue478/issue478-nginx:1.15.11-alpine
docker.io/library/nginx:1.15.12-alpine,mirror.gcr.io/library/nginx:1.15.12-alpine,sha256:0fd68ec4b64b8dbb2bef1f1a5de9d47b658afd3635dc9c45bf0cbeac46e72101,localhost:18080/issue478/issue478-nginx:1.15.12-alpine
docker.io/library/nginx:1.16-alpine,mirror.gcr.io/library/nginx:1.16-alpine,sha256:0dfc8450deb8c7f06fbaac27e453ac3262df7d3a93639c4e2f48ee39434ec017,localhost:18080/issue478/issue478-nginx:1.16-alpine
docker.io/library/nginx:1.16.0,mirror.gcr.io/library/nginx:1.16.0,sha256:e7f0e207a03719c72ac76264984cd607f2bbaf196b208b77dc4ccbcb44e420f5,localhost:18080/issue478/issue478-nginx:1.16.0
docker.io/library/nginx:1.16.1,mirror.gcr.io/library/nginx:1.16.1,sha256:2963fc49cc50883ba9af25f977a9997ff9af06b45c12d968b7985dc1e9254e4b,localhost:18080/issue478/issue478-nginx:1.16.1
docker.io/library/nginx:1.17,mirror.gcr.io/library/nginx:1.17,sha256:8269a7352a7dad1f8b3dc83284f195bac72027dd50279422d363d49311ab7d9b,localhost:18080/issue478/issue478-nginx:1.17
docker.io/library/nginx:1.17.0-perl,docker.io/library/nginx:1.17.0-perl,sha256:42bc1ecec49308cf402c6db465703df9a17de3bf80060fb6c97cf74fb561fe3b,localhost:18080/issue478/issue478-nginx:1.17.0-perl
docker.io/library/nginx:1.17.1-alpine,mirror.gcr.io/library/nginx:1.17.1-alpine,sha256:20b62c392073deac500292d6b37c851bb4d00986edb3d73d08c0f0e65019ce6c,localhost:18080/issue478/issue478-nginx:1.17.1-alpine
docker.io/library/nginx:1.17.10-perl,mirror.gcr.io/library/nginx:1.17.10-perl,sha256:4b78ca181f0a3cfa81e31835efcf9e46d9689617ab4c7cc223ca8b1aa15ac338,localhost:18080/issue478/issue478-nginx:1.17.10-perl
docker.io/library/nginx:1.30-alpine3.23,mirror.gcr.io/library/nginx:1.30-alpine3.23,sha256:61f816887864af764259e28edb5331584ae2e42de57b3cb1e4f134d757559951,localhost:18080/issue478/issue478-nginx:1.30-alpine3.23
docker.io/library/nginx:1.30-trixie,mirror.gcr.io/library/nginx:1.30-trixie,sha256:f0dab47df05ce89c0e40ae9776ef829a1596c747409469a979a0283d1d73bb13,localhost:18080/issue478/issue478-nginx:1.30-trixie
docker.io/library/nginx:1.30.1-alpine3.23,mirror.gcr.io/library/nginx:1.30.1-alpine3.23,sha256:c97ddadf7d610991aded1178ca552543d835f1c4e28284caf46c9f98f66c4a7a,localhost:18080/issue478/issue478-nginx:1.30.1-alpine3.23
docker.io/library/nginx:1.30.2-alpine,mirror.gcr.io/library/nginx:1.30.2-alpine,sha256:83902b81d5d0ebfa863977a4ae2260c18bee6817fae0e534c57cab0c1d584a64,localhost:18080/issue478/issue478-nginx:1.30.2-alpine
docker.io/library/nginx:1.30.2-trixie,mirror.gcr.io/library/nginx:1.30.2-trixie,sha256:eeeb74afec1c56c941ffde1082722381a78f0a603f187caee6414c1d369c4ee2,localhost:18080/issue478/issue478-nginx:1.30.2-trixie
docker.io/library/nginx:1.30.3-alpine3.23,mirror.gcr.io/library/nginx:1.30.3-alpine3.23,sha256:61f816887864af764259e28edb5331584ae2e42de57b3cb1e4f134d757559951,localhost:18080/issue478/issue478-nginx:1.30.3-alpine3.23
docker.io/library/nginx:1.30.3-trixie,mirror.gcr.io/library/nginx:1.30.3-trixie,sha256:f1b57b559d612ec43ab3132f921121c0fb014770d748aea74fae138b8de4c953,localhost:18080/issue478/issue478-nginx:1.30.3-trixie
docker.io/library/nginx:1.30.4-alpine3.24,mirror.gcr.io/library/nginx:1.30.4-alpine3.24,sha256:8a4f4b94275ff59d809477799cbbaf1a7ab65ed1871403d05e31fd66bdb8db82,localhost:18080/issue478/issue478-nginx:1.30.4-alpine3.24
docker.io/library/nginx:1.31,mirror.gcr.io/library/nginx:1.31,sha256:db4f612f385437d11eb26620a4f1d7efb3ff44e1296a3c21540b30454e6e2bf3,localhost:18080/issue478/issue478-nginx:1.31
docker.io/library/nginx:1.31-alpine3.24,mirror.gcr.io/library/nginx:1.31-alpine3.24,sha256:1d40e3eb3bf4f138de1d67193f2aa5309fcaf343eb5ffadbf5e9439de1eb1ebb,localhost:18080/issue478/issue478-nginx:1.31-alpine3.24
docker.io/library/nginx:1.31-trixie,mirror.gcr.io/library/nginx:1.31-trixie,sha256:db4f612f385437d11eb26620a4f1d7efb3ff44e1296a3c21540b30454e6e2bf3,localhost:18080/issue478/issue478-nginx:1.31-trixie
docker.io/library/nginx:1.31.0-trixie,mirror.gcr.io/library/nginx:1.31.0-trixie,sha256:966242c15165ecae32475055025be129210d5a035e44d198419885fc3a863775,localhost:18080/issue478/issue478-nginx:1.31.0-trixie
docker.io/library/nginx:1.31.1-alpine3.23,mirror.gcr.io/library/nginx:1.31.1-alpine3.23,sha256:31db9045b34376493fd4fb695d8a8d03bbfffaf6297fcde82d0f925ce2dd329a,localhost:18080/issue478/issue478-nginx:1.31.1-alpine3.23
docker.io/library/nginx:1.31.2,mirror.gcr.io/library/nginx:1.31.2,sha256:0e768ba3686f7db3ab5687f1a65e641ef1e6d5b49e1d01a26d9f56d41e010a4f,localhost:18080/issue478/issue478-nginx:1.31.2
docker.io/library/nginx:1.31.2-alpine3.23,mirror.gcr.io/library/nginx:1.31.2-alpine3.23,sha256:35cd77497979abe70dc8d26f5ae60811eea233a2eb5dc03c2ee30972caeb303e,localhost:18080/issue478/issue478-nginx:1.31.2-alpine3.23
docker.io/library/nginx:1.31.3,mirror.gcr.io/library/nginx:1.31.3,sha256:db4f612f385437d11eb26620a4f1d7efb3ff44e1296a3c21540b30454e6e2bf3,localhost:18080/issue478/issue478-nginx:1.31.3
docker.io/library/nginx:1.31.3-perl,mirror.gcr.io/library/nginx:1.31.3-perl,sha256:de7c3484463e002e08552c1a10f03ba08e181acaa2d30008da617fd27f47c27e,localhost:18080/issue478/issue478-nginx:1.31.3-perl
docker.io/library/nginx:latest,mirror.gcr.io/library/nginx:latest,sha256:db4f612f385437d11eb26620a4f1d7efb3ff44e1296a3c21540b30454e6e2bf3,localhost:18080/issue478/issue478-nginx:latest
docker.io/library/postgres:9.4-alpine,mirror.gcr.io/library/postgres:9.4-alpine,sha256:b3ae2dad6f153711444221849919b98c0503e6eef57be18300713cbef7ada4bc,localhost:18080/issue478/issue478-postgres:9.4-alpine
docker.io/library/postgres:9.4.5,mirror.gcr.io/library/postgres:9.4.5,sha256:9cdc73850f7ffca359421ed66b1b888e8baa5ad8ea8e9cfd41b61cf65323a94e,localhost:18080/issue478/issue478-postgres:9.4.5
docker.io/library/postgres:9.4.10,mirror.gcr.io/library/postgres:9.4.10,sha256:0dfca35b7cc89b3faf1a4d2df34aa59ede4f5eeceaecbb82e165d686324f230d,localhost:18080/issue478/issue478-postgres:9.4.10
docker.io/library/postgres:9.4.12-alpine,mirror.gcr.io/library/postgres:9.4.12-alpine,sha256:3a27db02923c9c5ed6d3b38688b45354f3a9243e2bd7ed110616076c286618bd,localhost:18080/issue478/issue478-postgres:9.4.12-alpine
docker.io/library/postgres:9.4.15,mirror.gcr.io/library/postgres:9.4.15,sha256:a5baaf6f53d5d63265bbb42a0f448ceabec8b627f074ab8168f52bb37495f579,localhost:18080/issue478/issue478-postgres:9.4.15
docker.io/library/postgres:9.4.17-alpine,mirror.gcr.io/library/postgres:9.4.17-alpine,sha256:46a0ba9893276f5a03269479b17d5a040aade4f78df6506704eae1285b4aecd0,localhost:18080/issue478/issue478-postgres:9.4.17-alpine
docker.io/library/postgres:9.4.20,mirror.gcr.io/library/postgres:9.4.20,sha256:6f6b37bfb3f6ec70bac995a1f84af5920ae9fccb5a9b5fe50c8b5301314430e9,localhost:18080/issue478/issue478-postgres:9.4.20
docker.io/library/postgres:9.4.22-alpine,mirror.gcr.io/library/postgres:9.4.22-alpine,sha256:ad8ba78193e11046009b5572d83c6f7af0625374e47a550cee8c004ae27ee9f3,localhost:18080/issue478/issue478-postgres:9.4.22-alpine
docker.io/library/postgres:9.4.25,mirror.gcr.io/library/postgres:9.4.25,sha256:dcb750a78d790b73bfd3e4d657b59375598072dd2b0151ef3226399abfa86972,localhost:18080/issue478/issue478-postgres:9.4.25
docker.io/library/postgres:9.5-alpine,mirror.gcr.io/library/postgres:9.5-alpine,sha256:938a54746d0c8d5eeb0ccbac607c3b408e0620ecccf21365d9ce694597ef3f11,localhost:18080/issue478/issue478-postgres:9.5-alpine
docker.io/library/postgres:9.5.4,mirror.gcr.io/library/postgres:9.5.4,sha256:1480f2446dabb1116fafa426ac530d2404277873a84dc4a4d0d9d4b37a5601e8,localhost:18080/issue478/issue478-postgres:9.5.4
docker.io/library/postgres:9.5.7,mirror.gcr.io/library/postgres:9.5.7,sha256:ed7d1371f28413db3c6076f02adbe3c5508fc17db3602f7dcfd222f3c10d3407,localhost:18080/issue478/issue478-postgres:9.5.7
docker.io/library/postgres:9.5.9-alpine,mirror.gcr.io/library/postgres:9.5.9-alpine,sha256:a25d196e23797f7a0950d3abd39ec86f623999444fe29b07f72c78eca45cf235,localhost:18080/issue478/issue478-postgres:9.5.9-alpine
docker.io/library/postgres:9.5.12,mirror.gcr.io/library/postgres:9.5.12,sha256:8b9bab49e24fe72b6d81a8743029a7de49edd906aa147aa72362360b6b128fe9,localhost:18080/issue478/issue478-postgres:9.5.12
docker.io/library/postgres:9.5.14-alpine,mirror.gcr.io/library/postgres:9.5.14-alpine,sha256:3720b4a6f40808fad8958949b82d2a6aae544fbf613917be54aa993bc4bbdd44,localhost:18080/issue478/issue478-postgres:9.5.14-alpine
docker.io/library/postgres:9.5.17,mirror.gcr.io/library/postgres:9.5.17,sha256:e1fa436a7217ece5d452bea436834fc5958aed8c18ec517cc226c5139579a6fc,localhost:18080/issue478/issue478-postgres:9.5.17
docker.io/library/postgres:9.5.19-alpine,mirror.gcr.io/library/postgres:9.5.19-alpine,sha256:9d26e6c2e064ad0088af3b2047694115100d71f9a19199354a152ba7d488a991,localhost:18080/issue478/issue478-postgres:9.5.19-alpine
docker.io/library/postgres:9.5.22,mirror.gcr.io/library/postgres:9.5.22,sha256:79668eff8f6f25f15ddb6595c5428accdd88d37805880bbb21c867679195c7db,localhost:18080/issue478/issue478-postgres:9.5.22
docker.io/library/postgres:9.5.24-alpine,mirror.gcr.io/library/postgres:9.5.24-alpine,sha256:6e75260904b54703956da9989e8fdef82624d438eb53de9d85b1949c96e1dd59,localhost:18080/issue478/issue478-postgres:9.5.24-alpine
docker.io/library/postgres:9.6-alpine3.13,mirror.gcr.io/library/postgres:9.6-alpine3.13,sha256:0fceaf685127b0b557a1ed84f6d6fbba22f2101c1bf7cc0410fba13cd7618000,localhost:18080/issue478/issue478-postgres:9.6-alpine3.13
docker.io/library/postgres:9.6.1,mirror.gcr.io/library/postgres:9.6.1,sha256:0842a7ef786aa2658623085160cb38451eb3d40856e7d222ae0069b6e6296877,localhost:18080/issue478/issue478-postgres:9.6.1
docker.io/library/postgres:9.6.3-alpine,mirror.gcr.io/library/postgres:9.6.3-alpine,sha256:376b5b1ed6b38e8bb77bce920f5c7442e4fda31f0a95f2be6bc43bc973eae400,localhost:18080/issue478/issue478-postgres:9.6.3-alpine
docker.io/library/postgres:9.6.6,mirror.gcr.io/library/postgres:9.6.6,sha256:a31c8b2d1c0386cd91fac235f5945fd31f452a580dfd9236a173fec8d9c5e4dd,localhost:18080/issue478/issue478-postgres:9.6.6
docker.io/library/postgres:9.6.8-alpine,mirror.gcr.io/library/postgres:9.6.8-alpine,sha256:a7fc064c3cfec1c32b99b22cbbcc3cc2a57a52b4a4994a271164462d565cf1c5,localhost:18080/issue478/issue478-postgres:9.6.8-alpine
docker.io/library/postgres:9.6.11,mirror.gcr.io/library/postgres:9.6.11,sha256:251920470aa92c66314b96335ea970ce800c095cf1bb2efec5244f2e19af8401,localhost:18080/issue478/issue478-postgres:9.6.11
docker.io/library/postgres:9.6.13-alpine,mirror.gcr.io/library/postgres:9.6.13-alpine,sha256:e250de3d01823b4ebec80ab24203bd449f9ebd0956a2412fed554a6d5cd250df,localhost:18080/issue478/issue478-postgres:9.6.13-alpine
docker.io/library/postgres:9.6.16,mirror.gcr.io/library/postgres:9.6.16,sha256:c5df9349b2a361769ea3859d9d6b675cc3c08aab564115ab936632447aed15be,localhost:18080/issue478/issue478-postgres:9.6.16
docker.io/library/postgres:9.6.18-alpine,mirror.gcr.io/library/postgres:9.6.18-alpine,sha256:aa3497cd079ebef6e2627a3d668dfbca9e4347d8376f2ad2d160005d6be8535f,localhost:18080/issue478/issue478-postgres:9.6.18-alpine
docker.io/library/postgres:9.6.21,mirror.gcr.io/library/postgres:9.6.21,sha256:a4a1192b085f40b009ee54d07f6259aa173d6301f3be537ccb0973f14c2f25ae,localhost:18080/issue478/issue478-postgres:9.6.21
docker.io/library/postgres:9.6.22-alpine3.14,mirror.gcr.io/library/postgres:9.6.22-alpine3.14,sha256:2c5f339dd896b42308831dd920e25df8ec50e1589f9657bc8ce97cc079a19287,localhost:18080/issue478/issue478-postgres:9.6.22-alpine3.14
docker.io/library/postgres:9.6.24,mirror.gcr.io/library/postgres:9.6.24,sha256:15055f7b681334cbf0212b58e510148b1b23973639e3904260fb41fa0761a103,localhost:18080/issue478/issue478-postgres:9.6.24
docker.io/library/postgres:10,mirror.gcr.io/library/postgres:10,sha256:7a484b11fcabd39596b1bf08780cdb61fa9b0d8bfad0844dbdce3a6922df95d1,localhost:18080/issue478/issue478-postgres:10
docker.io/library/postgres:10-alpine3.16,mirror.gcr.io/library/postgres:10-alpine3.16,sha256:0ef5c91f95997d189f13a0f6367f137979a0cd421053c37930e6e7d16a6e9d87,localhost:18080/issue478/issue478-postgres:10-alpine3.16
docker.io/library/postgres:10.1-alpine,mirror.gcr.io/library/postgres:10.1-alpine,sha256:71a5abf3062737bca8251514c853469f4456ec1a142723972f50ba3220b1b0b0,localhost:18080/issue478/issue478-postgres:10.1-alpine
docker.io/library/postgres:10.4,mirror.gcr.io/library/postgres:10.4,sha256:22402e302c3da202076c2aa6b848f5eb44b0cd639741cf9c14438f6d70fa13e8,localhost:18080/issue478/issue478-postgres:10.4
docker.io/library/postgres:10.6-alpine,mirror.gcr.io/library/postgres:10.6-alpine,sha256:d3fffa703deb0c45f7bc10a5b5b15bf3c65cc079ea23b74edac6a86ba3861e41,localhost:18080/issue478/issue478-postgres:10.6-alpine
docker.io/library/postgres:10.9,mirror.gcr.io/library/postgres:10.9,sha256:42034ee47a96f5da23dd9fa7a235990015ee3b26f1c64798000639327e05ca4c,localhost:18080/issue478/issue478-postgres:10.9
docker.io/library/postgres:10.11-alpine,mirror.gcr.io/library/postgres:10.11-alpine,sha256:890b7d0b68c94d414e6eecab7e5711b4e24c4901152f3ff628dbf2ccf02e3eef,localhost:18080/issue478/issue478-postgres:10.11-alpine
docker.io/library/postgres:10.14,mirror.gcr.io/library/postgres:10.14,sha256:36e029a0132d40e6b6ae7f28369a64e59f4c80b89c48715fcf6af3d7bf93e130,localhost:18080/issue478/issue478-postgres:10.14
docker.io/library/postgres:10.16-alpine,mirror.gcr.io/library/postgres:10.16-alpine,sha256:7ced77a458b7d6f4f3e4abfa55d6428fdcd0016e1926cb7463250b54b06480a1,localhost:18080/issue478/issue478-postgres:10.16-alpine
docker.io/library/postgres:10.18,docker.io/library/postgres:10.18,sha256:f6d29097e6d4410580b3bbf1416f1c8f1883066f61a18af93437ff6514fbecbe,localhost:18080/issue478/issue478-postgres:10.18
docker.io/library/postgres:10.19-alpine,docker.io/library/postgres:10.19-alpine,sha256:cdda118021bf33a6d78a509108e71d573a8e2aeecab55e20a6488f17fe9344cf,localhost:18080/issue478/issue478-postgres:10.19-alpine
docker.io/library/postgres:10.20-alpine,mirror.gcr.io/library/postgres:10.20-alpine,sha256:a6407991baa31eafa8e18dcde16ff029330ea8f11afabb69e2f17125ae17698c,localhost:18080/issue478/issue478-postgres:10.20-alpine
docker.io/library/postgres:10.21-alpine3.15,mirror.gcr.io/library/postgres:10.21-alpine3.15,sha256:2e0b3209b92a3bb9f40d15e87312b83d62ba61388aab3847e4fff446e17facb9,localhost:18080/issue478/issue478-postgres:10.21-alpine3.15
docker.io/library/postgres:10.22-bullseye,mirror.gcr.io/library/postgres:10.22-bullseye,sha256:d3f583c3fc910ac0e0a0706f371c4a30d4fa8a342414acabea40951ebec8402d,localhost:18080/issue478/issue478-postgres:10.22-bullseye
docker.io/library/postgres:11-alpine,mirror.gcr.io/library/postgres:11-alpine,sha256:93d6dc7c9fea3535c331717465259b77e0a768ef5e2854bccf9501d340483d22,localhost:18080/issue478/issue478-postgres:11-alpine
docker.io/library/postgres:11-alpine3.17,mirror.gcr.io/library/postgres:11-alpine3.17,sha256:55e77051f5f9e349babaeaf510787a5e58312b67d85115fc4cf6d92540a4c5a6,localhost:18080/issue478/issue478-postgres:11-alpine3.17
docker.io/library/postgres:11.0,mirror.gcr.io/library/postgres:11.0,sha256:8afad33366d0705e65c250aba2fb17a0e8788310d41950b94f3420471f0e59cc,localhost:18080/issue478/issue478-postgres:11.0
docker.io/library/postgres:11.2-alpine,mirror.gcr.io/library/postgres:11.2-alpine,sha256:939a68f9745e6b03c389ae1025bd112d0d99bc4ef9cecb87d2309b5a8aef490f,localhost:18080/issue478/issue478-postgres:11.2-alpine
docker.io/library/postgres:11.5,mirror.gcr.io/library/postgres:11.5,sha256:435def18ccfb85cf7a21431817d76ff8bdd409197ca7289034dddad5a070f2f3,localhost:18080/issue478/issue478-postgres:11.5
docker.io/library/postgres:11.8,mirror.gcr.io/library/postgres:11.8,sha256:9164295f231181cd472744ebdbf5b2a0ad6eced4001b797e4e439305b2302045,localhost:18080/issue478/issue478-postgres:11.8
docker.io/library/postgres:11.10-alpine,mirror.gcr.io/library/postgres:11.10-alpine,sha256:dbc9d0bba55967b92c604397ab3aa01eb38982fe21578d27688dde13a39a50c4,localhost:18080/issue478/issue478-postgres:11.10-alpine
docker.io/library/postgres:11.12-alpine3.13,mirror.gcr.io/library/postgres:11.12-alpine3.13,sha256:7970b18d3c5384fd9c04a86bd5e035f8d3609d15b7efeeb7ec8458f0d66c184d,localhost:18080/issue478/issue478-postgres:11.12-alpine3.13
docker.io/library/postgres:11.13-bullseye,mirror.gcr.io/library/postgres:11.13-bullseye,sha256:21e3729eb952915a2e670301fc77ebef0643d496830e4c593b22f8ff72fac681,localhost:18080/issue478/issue478-postgres:11.13-bullseye
docker.io/library/postgres:11.14-bullseye,mirror.gcr.io/library/postgres:11.14-bullseye,sha256:bcc9bad6d302b6e5d83366e30c333285bad04426ce624c77845a0905738d675e,localhost:18080/issue478/issue478-postgres:11.14-bullseye
docker.io/library/postgres:11.16,mirror.gcr.io/library/postgres:11.16,sha256:fdfb434d69d7884d6366840279dc3e721d1bd67cc1d02d51aeea7497f323fc5e,localhost:18080/issue478/issue478-postgres:11.16
docker.io/library/postgres:11.17-alpine,mirror.gcr.io/library/postgres:11.17-alpine,sha256:631b874fd499f66ff44a33c1704ede91a8b3a75ee998cfeaba57318be58bcc56,localhost:18080/issue478/issue478-postgres:11.17-alpine
docker.io/library/postgres:11.18-alpine3.17,mirror.gcr.io/library/postgres:11.18-alpine3.17,sha256:77d24ba1347a62ee3bd3c1f36e229c91eb1c8913fa1413fadf4ebc0a27ae60fa,localhost:18080/issue478/issue478-postgres:11.18-alpine3.17
docker.io/library/postgres:11.20-alpine,mirror.gcr.io/library/postgres:11.20-alpine,sha256:12b078563f776bb8ade055550744ce97b81057a989356b4fc9a649b537a54c1f,localhost:18080/issue478/issue478-postgres:11.20-alpine
docker.io/library/postgres:11.21-alpine,mirror.gcr.io/library/postgres:11.21-alpine,sha256:6ce998499b05c41792ac4e5b2d5839a9c84ae81fb46b85a50e6c23ef8deb98af,localhost:18080/issue478/issue478-postgres:11.21-alpine
docker.io/library/postgres:11.22-alpine,mirror.gcr.io/library/postgres:11.22-alpine,sha256:93d6dc7c9fea3535c331717465259b77e0a768ef5e2854bccf9501d340483d22,localhost:18080/issue478/issue478-postgres:11.22-alpine
docker.io/library/postgres:11.22-bullseye,mirror.gcr.io/library/postgres:11.22-bullseye,sha256:96011465e04ab1edad99a3257edf12875da87301406cf21b952aa00b063ce6b0,localhost:18080/issue478/issue478-postgres:11.22-bullseye
docker.io/library/postgres:12.10,mirror.gcr.io/library/postgres:12.10,sha256:2fb900566aa6398ba7ebe3435957fa05b697944091724d523921800b51fe4262,localhost:18080/issue478/issue478-postgres:12.10
docker.io/library/postgres:12.11-alpine,mirror.gcr.io/library/postgres:12.11-alpine,sha256:c4772820056a32e3f4315eea69507a701ddc0e5cccefd5361c875a94ba6f163c,localhost:18080/issue478/issue478-postgres:12.11-alpine
docker.io/library/postgres:13.23,mirror.gcr.io/library/postgres:13.23,sha256:1094e2cdc5605e5c7914633bcd93758a9c52ae8c8b2855ddd1c3a8afbe4795d5,localhost:18080/issue478/issue478-postgres:13.23
docker.io/library/postgres:14,mirror.gcr.io/library/postgres:14,sha256:c6f9b7243c56553c050bec9a76bb9b9befb15b260ae1e4ac4bf9b56bd99c26a5,localhost:18080/issue478/issue478-postgres:14
docker.io/library/postgres:14-alpine3.24,mirror.gcr.io/library/postgres:14-alpine3.24,sha256:e37b04ced3cdf96db1f814275b1bbdda9c51ee75c9753560481fce661c19923a,localhost:18080/issue478/issue478-postgres:14-alpine3.24
docker.io/library/postgres:14.20-alpine3.21,mirror.gcr.io/library/postgres:14.20-alpine3.21,sha256:bc36a97f13609be3b260619a428673d16b928e21103e4caa2524cbdfefd77f6c,localhost:18080/issue478/issue478-postgres:14.20-alpine3.21
docker.io/library/postgres:14.21,mirror.gcr.io/library/postgres:14.21,sha256:689da3b30327f30039946ac4b5f97063a0df14c08114e31a8c36e7cb50af2396,localhost:18080/issue478/issue478-postgres:14.21
docker.io/library/postgres:14.21-trixie,mirror.gcr.io/library/postgres:14.21-trixie,sha256:689da3b30327f30039946ac4b5f97063a0df14c08114e31a8c36e7cb50af2396,localhost:18080/issue478/issue478-postgres:14.21-trixie
docker.io/library/postgres:14.22-bookworm,mirror.gcr.io/library/postgres:14.22-bookworm,sha256:9bffdfcf30875c2a7723fce6fa461cb681fb658084c0919db64f79330f5915ba,localhost:18080/issue478/issue478-postgres:14.22-bookworm
docker.io/library/postgres:14.23-alpine3.23,mirror.gcr.io/library/postgres:14.23-alpine3.23,sha256:d66222eac9b41db49accd54f3d9b5efc2e7c8fda3f11bbd29c3b525bf66c32af,localhost:18080/issue478/issue478-postgres:14.23-alpine3.23
docker.io/library/postgres:15-alpine,mirror.gcr.io/library/postgres:15-alpine,sha256:cae15a3b718f23497a60b7cafdcf205216d7949680972da0584db00fb68bf3e6,localhost:18080/issue478/issue478-postgres:15-alpine
docker.io/library/postgres:15-bookworm,mirror.gcr.io/library/postgres:15-bookworm,sha256:fafb7480959eeeb7f1e43b479e642ffef2aa0f067242a1954ab41f2d764e2786,localhost:18080/issue478/issue478-postgres:15-bookworm
docker.io/library/postgres:15.15-alpine3.22,mirror.gcr.io/library/postgres:15.15-alpine3.22,sha256:8692bebfeb775980f742fd3df0452a40e854d2e2ddaeafb8211fafd3e0901881,localhost:18080/issue478/issue478-postgres:15.15-alpine3.22
docker.io/library/postgres:15.16-alpine,mirror.gcr.io/library/postgres:15.16-alpine,sha256:f93ddcbeeaf7cd05cc2d764f6d29a3501fe820c6abe1997e31ce967f277ed984,localhost:18080/issue478/issue478-postgres:15.16-alpine
docker.io/library/postgres:15.17,mirror.gcr.io/library/postgres:15.17,sha256:87bf58acc3aace5d7886a284440e9657266ffe5294c8266514f3db7d3958c9b3,localhost:18080/issue478/issue478-postgres:15.17
docker.io/library/postgres:15.17-trixie,mirror.gcr.io/library/postgres:15.17-trixie,sha256:87bf58acc3aace5d7886a284440e9657266ffe5294c8266514f3db7d3958c9b3,localhost:18080/issue478/issue478-postgres:15.17-trixie
docker.io/library/postgres:15.18-alpine3.24,mirror.gcr.io/library/postgres:15.18-alpine3.24,sha256:cae15a3b718f23497a60b7cafdcf205216d7949680972da0584db00fb68bf3e6,localhost:18080/issue478/issue478-postgres:15.18-alpine3.24
docker.io/library/postgres:16-alpine3.21,mirror.gcr.io/library/postgres:16-alpine3.21,sha256:d2752688ecbb50a264111768c551147468bb97ef18d7dc3b0d9aa813bb0d38c7,localhost:18080/issue478/issue478-postgres:16-alpine3.21
docker.io/library/postgres:16-trixie,mirror.gcr.io/library/postgres:16-trixie,sha256:da8cf245a60506e50a0a8cbb0f39c559ca622d92490605b67fcadc74ca1ea8e4,localhost:18080/issue478/issue478-postgres:16-trixie
docker.io/library/postgres:16.11-alpine3.23,mirror.gcr.io/library/postgres:16.11-alpine3.23,sha256:63cf43b1a12b5b9d1f7a576f8f5852d7ce0792618661969135ac6c276237eec9,localhost:18080/issue478/issue478-postgres:16.11-alpine3.23
docker.io/library/postgres:16.12-alpine3.22,mirror.gcr.io/library/postgres:16.12-alpine3.22,sha256:e79407454d5256f8554a737a1d308149dd696f5dab559ab7989cf0af4ffc889c,localhost:18080/issue478/issue478-postgres:16.12-alpine3.22
docker.io/library/postgres:16.13-alpine,mirror.gcr.io/library/postgres:16.13-alpine,sha256:4941ef97aaa2633ce9808f7766f8b8d746dd039ce8c51ca6da185c3dc63ab579,localhost:18080/issue478/issue478-postgres:16.13-alpine
docker.io/library/postgres:16.14,mirror.gcr.io/library/postgres:16.14,sha256:da8cf245a60506e50a0a8cbb0f39c559ca622d92490605b67fcadc74ca1ea8e4,localhost:18080/issue478/issue478-postgres:16.14
docker.io/library/postgres:16.14-bookworm,mirror.gcr.io/library/postgres:16.14-bookworm,sha256:c95fd5346040eba2de3c435e14874af18f5d681fb5848d4f081dbead0878af28,localhost:18080/issue478/issue478-postgres:16.14-bookworm
docker.io/library/postgres:17-alpine3.22,mirror.gcr.io/library/postgres:17-alpine3.22,sha256:3c9fe01c436ddf61b7803781f677165d2eb0b5f16e1ff9b71787b25d596952f0,localhost:18080/issue478/issue478-postgres:17-alpine3.22
docker.io/library/postgres:17.7,mirror.gcr.io/library/postgres:17.7,sha256:030da09481c3876b71a7e49738a932e1c18c398201a1e4ccfdbff1e5a541215b,localhost:18080/issue478/issue478-postgres:17.7
docker.io/library/postgres:17.7-bookworm,mirror.gcr.io/library/postgres:17.7-bookworm,sha256:e9243ab06e47223dedeb3c129fa9ece8d37f506bdc6ee943afb9335f98bb4854,localhost:18080/issue478/issue478-postgres:17.7-bookworm
docker.io/library/postgres:17.8-alpine3.23,mirror.gcr.io/library/postgres:17.8-alpine3.23,sha256:71f7c22ad853f78289f5bc0df92095b314dbfd486845f0768c52d4380b1ca330,localhost:18080/issue478/issue478-postgres:17.8-alpine3.23
docker.io/library/postgres:17.9-alpine3.22,mirror.gcr.io/library/postgres:17.9-alpine3.22,sha256:ec5170db1294cd3707b05eb6942104c4c77f37ba61258f2d51617bc46f93bce5,localhost:18080/issue478/issue478-postgres:17.9-alpine3.22
docker.io/library/postgres:17.10-alpine,mirror.gcr.io/library/postgres:17.10-alpine,sha256:af194ccf3e2d7fe367012c7b88ce8b816c5c889b18a5b316799a1f0d7eac746a,localhost:18080/issue478/issue478-postgres:17.10-alpine
docker.io/library/postgres:17.10-trixie,mirror.gcr.io/library/postgres:17.10-trixie,sha256:cb875afe6d2e8593c28c22d37d0fd7aaf035c43a42e2f7792cd4c09ceb6beac5,localhost:18080/issue478/issue478-postgres:17.10-trixie
docker.io/library/postgres:18-alpine3.23,mirror.gcr.io/library/postgres:18-alpine3.23,sha256:2342268e5cf8851c327dcf10fc124283448428059f9b756692b7e3302940d769,localhost:18080/issue478/issue478-postgres:18-alpine3.23
docker.io/library/postgres:18.1-alpine,mirror.gcr.io/library/postgres:18.1-alpine,sha256:d326bec58d3de8d239df60475941522342723934a2598ae59a0281f077681462,localhost:18080/issue478/issue478-postgres:18.1-alpine
docker.io/library/postgres:18.1-trixie,mirror.gcr.io/library/postgres:18.1-trixie,sha256:2ccc3d98b960df5ed1ee2d32d3d5338a3c688cf899c0e951ce6d45fb07395abc,localhost:18080/issue478/issue478-postgres:18.1-trixie
docker.io/library/postgres:18.2-bookworm,mirror.gcr.io/library/postgres:18.2-bookworm,sha256:d32327f755bcd7d850eddf4880835c93d2294a2de1989e7123f5866ff0072f96,localhost:18080/issue478/issue478-postgres:18.2-bookworm
docker.io/library/postgres:18.3-alpine3.23,mirror.gcr.io/library/postgres:18.3-alpine3.23,sha256:1b13c640ae11f2f165d1e89667e5862b0017baf4c80fec2fb7377d86319859ba,localhost:18080/issue478/issue478-postgres:18.3-alpine3.23
docker.io/library/postgres:18.4-alpine3.22,mirror.gcr.io/library/postgres:18.4-alpine3.22,sha256:56ba71bf54060de15a6b2df1a18081b8f6c5bf61255b7ed6f1ef10ee868eaff0,localhost:18080/issue478/issue478-postgres:18.4-alpine3.22
docker.io/library/postgres:latest,mirror.gcr.io/library/postgres:latest,sha256:d93de42662696f278fb34354b06fdaa90ad7ca3106d6f72fbd01d16da006d2cf,localhost:18080/issue478/issue478-postgres:latest
docker.io/valkey/valkey:7-alpine3.20,mirror.gcr.io/valkey/valkey:7-alpine3.20,sha256:4e7fa07689c34aba9b6b6b8a25e5e3a50e6432d0895629af36730deee59e2471,localhost:18080/issue478/issue478-valkey:7-alpine3.20
docker.io/valkey/valkey:7-alpine3.24,mirror.gcr.io/valkey/valkey:7-alpine3.24,sha256:1af751af2856fd0bd9e8216241107366fc9a1326bc7702e9f38e94314a6bc176,localhost:18080/issue478/issue478-valkey:7-alpine3.24
docker.io/valkey/valkey:7.2,mirror.gcr.io/valkey/valkey:7.2,sha256:484de83902e10e37c0466bdd74d695e7cf4cbd382605b4386907b274a3b4d121,localhost:18080/issue478/issue478-valkey:7.2
docker.io/valkey/valkey:7.2-alpine3.21,mirror.gcr.io/valkey/valkey:7.2-alpine3.21,sha256:eddd4468fde4ce14ea163e750c560c7dd6da475bb820eca663cf00aeb95f6f23,localhost:18080/issue478/issue478-valkey:7.2-alpine3.21
docker.io/valkey/valkey:7.2-bookworm,mirror.gcr.io/valkey/valkey:7.2-bookworm,sha256:7b0534f055934072c88bee110804d6aad20503effabeb3fda01e0712da536ead,localhost:18080/issue478/issue478-valkey:7.2-bookworm
docker.io/valkey/valkey:7.2.5-alpine,mirror.gcr.io/valkey/valkey:7.2.5-alpine,sha256:2e04024b9e060704e40c363c7ba1afa2476e7498d8577cd98799a66f8cac9e4e,localhost:18080/issue478/issue478-valkey:7.2.5-alpine
docker.io/valkey/valkey:7.2.6,mirror.gcr.io/valkey/valkey:7.2.6,sha256:7883a54692557e4d1cb2d0c0df80bd0936db669af47c1fc6501e59dd59538106,localhost:18080/issue478/issue478-valkey:7.2.6
docker.io/valkey/valkey:7.2.7,mirror.gcr.io/valkey/valkey:7.2.7,sha256:faa7dbe810cd4b281ddba727ca10795a40eb7a3a61c04f61e070ae38da6fba10,localhost:18080/issue478/issue478-valkey:7.2.7
docker.io/valkey/valkey:7.2.7-alpine3.21,mirror.gcr.io/valkey/valkey:7.2.7-alpine3.21,sha256:ece118fbdd396309c0c7f341cad2a792738b2b07e4fc94e2d6a143ee02c9eeea,localhost:18080/issue478/issue478-valkey:7.2.7-alpine3.21
docker.io/valkey/valkey:7.2.8-alpine3.21,mirror.gcr.io/valkey/valkey:7.2.8-alpine3.21,sha256:a1bddd7b4789941e22d15c618277df93cf4f2dbe9bd0849b59960884e7029914,localhost:18080/issue478/issue478-valkey:7.2.8-alpine3.21
docker.io/valkey/valkey:7.2.9-alpine3.21,mirror.gcr.io/valkey/valkey:7.2.9-alpine3.21,sha256:eddd4468fde4ce14ea163e750c560c7dd6da475bb820eca663cf00aeb95f6f23,localhost:18080/issue478/issue478-valkey:7.2.9-alpine3.21
docker.io/valkey/valkey:7.2.10-alpine,mirror.gcr.io/valkey/valkey:7.2.10-alpine,sha256:a1c2ec50869123f2fa70e06177acb40aa45bdbf44ec1bb750c0ce34e87f586c3,localhost:18080/issue478/issue478-valkey:7.2.10-alpine
docker.io/valkey/valkey:7.2.11-alpine,mirror.gcr.io/valkey/valkey:7.2.11-alpine,sha256:4c8d459cc26a2a7f55109fcafea181df38eb63c3ea193c0db21263dd4d6240d9,localhost:18080/issue478/issue478-valkey:7.2.11-alpine
docker.io/valkey/valkey:7.2.12,mirror.gcr.io/valkey/valkey:7.2.12,sha256:911b7172f75832446b598f4a0c8441cedd30794760a566bbddaecf3b8b7787dc,localhost:18080/issue478/issue478-valkey:7.2.12
docker.io/valkey/valkey:7.2.12-trixie,mirror.gcr.io/valkey/valkey:7.2.12-trixie,sha256:911b7172f75832446b598f4a0c8441cedd30794760a566bbddaecf3b8b7787dc,localhost:18080/issue478/issue478-valkey:7.2.12-trixie
docker.io/valkey/valkey:7.2.13-trixie,mirror.gcr.io/valkey/valkey:7.2.13-trixie,sha256:22eb7e506fba54f96ea897fea6aa1e03413bd7ed3ae171a87afd7bf615fd9d02,localhost:18080/issue478/issue478-valkey:7.2.13-trixie
docker.io/valkey/valkey:7.2.14-trixie,mirror.gcr.io/valkey/valkey:7.2.14-trixie,sha256:484de83902e10e37c0466bdd74d695e7cf4cbd382605b4386907b274a3b4d121,localhost:18080/issue478/issue478-valkey:7.2.14-trixie
docker.io/valkey/valkey:8-alpine3.20,mirror.gcr.io/valkey/valkey:8-alpine3.20,sha256:3fbc04f11e4a945285c12c8cafc413c8682c1ae6adbc0d56f0fe5469c2f71293,localhost:18080/issue478/issue478-valkey:8-alpine3.20
docker.io/valkey/valkey:8-alpine3.24,mirror.gcr.io/valkey/valkey:8-alpine3.24,sha256:6c54dd3a90f7b0b50ef19a89cb99cbbf7f6e59b9d8909f1bc225b60ca519efc3,localhost:18080/issue478/issue478-valkey:8-alpine3.24
docker.io/valkey/valkey:8.0-alpine,mirror.gcr.io/valkey/valkey:8.0-alpine,sha256:a54c32ba9ccc34537065ef11b456c0af9ba2e31b4a385fdb71d1e928f2f3eb53,localhost:18080/issue478/issue478-valkey:8.0-alpine
docker.io/valkey/valkey:8.0-alpine3.22,mirror.gcr.io/valkey/valkey:8.0-alpine3.22,sha256:4dc925d2f8305788d31772e56f78309080ba4f9510cd88155a5933a4baba5562,localhost:18080/issue478/issue478-valkey:8.0-alpine3.22
docker.io/valkey/valkey:8.0-trixie,mirror.gcr.io/valkey/valkey:8.0-trixie,sha256:e497630f722b14a8bb68e293cd69c4da836dbc5f124849b26b051442b581cda9,localhost:18080/issue478/issue478-valkey:8.0-trixie
docker.io/valkey/valkey:8.0.0-bookworm,mirror.gcr.io/valkey/valkey:8.0.0-bookworm,sha256:349d9216c3b099e4ab4d47a8dd80252de51159ba403c5269a16a1b97b1aad54a,localhost:18080/issue478/issue478-valkey:8.0.0-bookworm
docker.io/valkey/valkey:8.0.1-alpine3.20,mirror.gcr.io/valkey/valkey:8.0.1-alpine3.20,sha256:3fbc04f11e4a945285c12c8cafc413c8682c1ae6adbc0d56f0fe5469c2f71293,localhost:18080/issue478/issue478-valkey:8.0.1-alpine3.20
docker.io/valkey/valkey:8.0.2-alpine3.21,mirror.gcr.io/valkey/valkey:8.0.2-alpine3.21,sha256:e65e882570d0e76de676697583fedde7f83055a8e62cdfd6f018955cf1384de1,localhost:18080/issue478/issue478-valkey:8.0.2-alpine3.21
docker.io/valkey/valkey:8.0.3-alpine3.21,mirror.gcr.io/valkey/valkey:8.0.3-alpine3.21,sha256:2d4c0ef1884770837be2e8dac9787268cc7b5690073c71fb3f77071f74645891,localhost:18080/issue478/issue478-valkey:8.0.3-alpine3.21
docker.io/valkey/valkey:8.0.4-alpine,mirror.gcr.io/valkey/valkey:8.0.4-alpine,sha256:d575ed19567b5a04b42b239bd7f034864cbbe8f29d0a71c9d59b40122ecd4c47,localhost:18080/issue478/issue478-valkey:8.0.4-alpine
docker.io/valkey/valkey:8.0.5-alpine,mirror.gcr.io/valkey/valkey:8.0.5-alpine,sha256:d2d6b487818131b4547764f99be261379d4a53dae87a9006cac3af7c603af9df,localhost:18080/issue478/issue478-valkey:8.0.5-alpine
docker.io/valkey/valkey:8.0.6-alpine,mirror.gcr.io/valkey/valkey:8.0.6-alpine,sha256:d72ecbfb4322d526083476b380f6fc66dfdb8d235922f6d4dfe531b2f470d40d,localhost:18080/issue478/issue478-valkey:8.0.6-alpine
docker.io/valkey/valkey:8.0.6-trixie,mirror.gcr.io/valkey/valkey:8.0.6-trixie,sha256:af6bd637c1f61c18a50ea9a82aaae5d00a65b69daeea4c36370e52513b529721,localhost:18080/issue478/issue478-valkey:8.0.6-trixie
docker.io/valkey/valkey:8.0.7-trixie,mirror.gcr.io/valkey/valkey:8.0.7-trixie,sha256:997035d728decae5885c8018e1ef2ccdf8899547fc80794fd6782e6a524b9217,localhost:18080/issue478/issue478-valkey:8.0.7-trixie
docker.io/valkey/valkey:8.0.9-trixie,mirror.gcr.io/valkey/valkey:8.0.9-trixie,sha256:8eaec36cd517edb1143b9f2acdfb5225978e63415ffe44143db707a5cc607f4c,localhost:18080/issue478/issue478-valkey:8.0.9-trixie
docker.io/valkey/valkey:8.0.10-alpine3.24,mirror.gcr.io/valkey/valkey:8.0.10-alpine3.24,sha256:a54c32ba9ccc34537065ef11b456c0af9ba2e31b4a385fdb71d1e928f2f3eb53,localhost:18080/issue478/issue478-valkey:8.0.10-alpine3.24
docker.io/valkey/valkey:8.1-alpine3.21,mirror.gcr.io/valkey/valkey:8.1-alpine3.21,sha256:1246226d40b9c083272fc031b22f38cfcb4ab730f72c24550d241e62bc0c3651,localhost:18080/issue478/issue478-valkey:8.1-alpine3.21
docker.io/valkey/valkey:8.1-bookworm,mirror.gcr.io/valkey/valkey:8.1-bookworm,sha256:4a7d243f2890e13198440dcfc8d24c9adf9d4fc4092389c89c12a6fda43d3704,localhost:18080/issue478/issue478-valkey:8.1-bookworm
docker.io/valkey/valkey:8.1.0-alpine,mirror.gcr.io/valkey/valkey:8.1.0-alpine,sha256:69741abd3d77c03a812a4d2c5c45f6f3ef4cd630c1df4d7159c3e3e49145ba4c,localhost:18080/issue478/issue478-valkey:8.1.0-alpine
docker.io/valkey/valkey:8.1.1-alpine,mirror.gcr.io/valkey/valkey:8.1.1-alpine,sha256:1246226d40b9c083272fc031b22f38cfcb4ab730f72c24550d241e62bc0c3651,localhost:18080/issue478/issue478-valkey:8.1.1-alpine
docker.io/valkey/valkey:8.1.2-alpine,mirror.gcr.io/valkey/valkey:8.1.2-alpine,sha256:ceffe63c286a34f694d01ea1794be9443583858a83a6eece6fa37a1a5ea69da0,localhost:18080/issue478/issue478-valkey:8.1.2-alpine
docker.io/valkey/valkey:8.1.3,mirror.gcr.io/valkey/valkey:8.1.3,sha256:4a7d243f2890e13198440dcfc8d24c9adf9d4fc4092389c89c12a6fda43d3704,localhost:18080/issue478/issue478-valkey:8.1.3
docker.io/valkey/valkey:8.1.4,mirror.gcr.io/valkey/valkey:8.1.4,sha256:1118e7648eefcaa687c1ef525cf3094a9024f707d287354a05cadf10552e29eb,localhost:18080/issue478/issue478-valkey:8.1.4
docker.io/valkey/valkey:8.1.5,mirror.gcr.io/valkey/valkey:8.1.5,sha256:7d94253109069f6cb2c9ac7b89d6fdee41b272ca82d525944f54f3c98ef285af,localhost:18080/issue478/issue478-valkey:8.1.5
docker.io/valkey/valkey:8.1.5-trixie,mirror.gcr.io/valkey/valkey:8.1.5-trixie,sha256:7d94253109069f6cb2c9ac7b89d6fdee41b272ca82d525944f54f3c98ef285af,localhost:18080/issue478/issue478-valkey:8.1.5-trixie
docker.io/valkey/valkey:8.1.6-trixie,mirror.gcr.io/valkey/valkey:8.1.6-trixie,sha256:96255581a587fd362e6ab3823eb47b513d2e59f7bee205a3cfa5b6c075693834,localhost:18080/issue478/issue478-valkey:8.1.6-trixie
docker.io/valkey/valkey:8.1.7-trixie,mirror.gcr.io/valkey/valkey:8.1.7-trixie,sha256:e34b0118c6fce9a775eab2e1f88a75898405aa3e198e57088899c1392f3509ea,localhost:18080/issue478/issue478-valkey:8.1.7-trixie
docker.io/valkey/valkey:8.1.8-alpine3.23,mirror.gcr.io/valkey/valkey:8.1.8-alpine3.23,sha256:df03836e7c416b32cd284d0705aaadaacaf852fe7bf5de0e4a999cede477ab1c,localhost:18080/issue478/issue478-valkey:8.1.8-alpine3.23
docker.io/valkey/valkey:8.1.9-alpine3.24,mirror.gcr.io/valkey/valkey:8.1.9-alpine3.24,sha256:6c54dd3a90f7b0b50ef19a89cb99cbbf7f6e59b9d8909f1bc225b60ca519efc3,localhost:18080/issue478/issue478-valkey:8.1.9-alpine3.24
docker.io/valkey/valkey:9-alpine3.22,mirror.gcr.io/valkey/valkey:9-alpine3.22,sha256:b11c030847a3bc5b386a6ab6e5273d55b9154586c4670956908cbc880576fb25,localhost:18080/issue478/issue478-valkey:9-alpine3.22
docker.io/valkey/valkey:9-trixie,mirror.gcr.io/valkey/valkey:9-trixie,sha256:2f4a4b0a42a72569b40567fae9016dc54aa76736250be28120b5fced8050c0f0,localhost:18080/issue478/issue478-valkey:9-trixie
docker.io/valkey/valkey:9.0-alpine3.23,mirror.gcr.io/valkey/valkey:9.0-alpine3.23,sha256:b559f9babc64e52c9eefc8734e392707cebf4264be7acf5f7b69ba484e053367,localhost:18080/issue478/issue478-valkey:9.0-alpine3.23
docker.io/valkey/valkey:9.0.0-alpine,mirror.gcr.io/valkey/valkey:9.0.0-alpine,sha256:b11c030847a3bc5b386a6ab6e5273d55b9154586c4670956908cbc880576fb25,localhost:18080/issue478/issue478-valkey:9.0.0-alpine
docker.io/valkey/valkey:9.0.1,mirror.gcr.io/valkey/valkey:9.0.1,sha256:2acd71cda5cd2b664d65ba3d758a9fb69df2e2b40fcc1795d501e6561965f7ef,localhost:18080/issue478/issue478-valkey:9.0.1
docker.io/valkey/valkey:9.0.2,mirror.gcr.io/valkey/valkey:9.0.2,sha256:138afc759e46b92d99b9eae76e1bc1203bb5dcac8579473a30102f38fd2c12fb,localhost:18080/issue478/issue478-valkey:9.0.2
docker.io/valkey/valkey:9.0.3,mirror.gcr.io/valkey/valkey:9.0.3,sha256:06eccea34d6e9ff4f7daacd598629fb07bf8ddc5cdbc5717bcc13266abcb70e2,localhost:18080/issue478/issue478-valkey:9.0.3
docker.io/valkey/valkey:9.0.3-trixie,mirror.gcr.io/valkey/valkey:9.0.3-trixie,sha256:06eccea34d6e9ff4f7daacd598629fb07bf8ddc5cdbc5717bcc13266abcb70e2,localhost:18080/issue478/issue478-valkey:9.0.3-trixie
docker.io/valkey/valkey:9.0.4-trixie,mirror.gcr.io/valkey/valkey:9.0.4-trixie,sha256:d7a741fd71c38f2043d1cfdfb2b1e05fc4ce804d3779c2d17b47905ecc79302a,localhost:18080/issue478/issue478-valkey:9.0.4-trixie
docker.io/valkey/valkey:9.0.5-trixie,mirror.gcr.io/valkey/valkey:9.0.5-trixie,sha256:5b769933cde85528a42429a2fca4b5ed52886f7df8bc3accf06c3bac985f3b20,localhost:18080/issue478/issue478-valkey:9.0.5-trixie
docker.io/valkey/valkey:9.1-alpine3.23,mirror.gcr.io/valkey/valkey:9.1-alpine3.23,sha256:1da6597cc08f09748b05f7a845492581c9442ea240be8e7bbfeb5f83ad1bcec8,localhost:18080/issue478/issue478-valkey:9.1-alpine3.23
docker.io/valkey/valkey:9.1.0-alpine,mirror.gcr.io/valkey/valkey:9.1.0-alpine,sha256:1da6597cc08f09748b05f7a845492581c9442ea240be8e7bbfeb5f83ad1bcec8,localhost:18080/issue478/issue478-valkey:9.1.0-alpine
docker.io/valkey/valkey:9.1.1-alpine,mirror.gcr.io/valkey/valkey:9.1.1-alpine,sha256:3fe38a705227d29534a199e876b38d5474dec4d3baca980ac6894df539416562,localhost:18080/issue478/issue478-valkey:9.1.1-alpine
docker.io/valkey/valkey:latest,mirror.gcr.io/valkey/valkey:latest,sha256:2f4a4b0a42a72569b40567fae9016dc54aa76736250be28120b5fced8050c0f0,localhost:18080/issue478/issue478-valkey:latest
